repo name,repo URL,deletion status,timestamp,error message if any
A2A-MCP-ADK-Integration,https://github.com/Ibraheemolasupogit/A2A-MCP-ADK-Integration,SKIPPED,2026-06-07T06:47:39.546736+00:00,"Deletion not attempted: no delete-capable GitHub CLI, token, or connector tool is available in this workspace."
a2a-python,https://github.com/Ibraheemolasupogit/a2a-python,SKIPPED,2026-06-07T06:47:39.546736+00:00,"Deletion not attempted: no delete-capable GitHub CLI, token, or connector tool is available in this workspace."
a2a-samples,https://github.com/Ibraheemolasupogit/a2a-samples,SKIPPED,2026-06-07T06:47:39.546736+00:00,"Deletion not attempted: no delete-capable GitHub CLI, token, or connector tool is available in this workspace."
ab-testing-at-edge,https://github.com/Ibraheemolasupogit/ab-testing-at-edge,SKIPPED,2026-06-07T06:47:39.546736+00:00,"Deletion not attempted: no delete-capable GitHub CLI, token, or connector tool is available in this workspace."
academicpages.github.io,https://github.com/Ibraheemolasupogit/academicpages.github.io,SKIPPED,2026-06-07T06:47:39.546736+00:00,"Deletion not attempted: no delete-capable GitHub CLI, token, or connector tool is available in this workspace."
Academind-react-complete-guide-code,https://github.com/Ibraheemolasupogit/Academind-react-complete-guide-code,SKIPPED,2026-06-07T06:47:39.546736+00:00,"Deletion not attempted: no delete-capable GitHub CLI, token, or connector tool is available in this workspace."
Accelerate-Agentic-AI-DW-200-Agentic,https://github.com/Ibraheemolasupogit/Accelerate-Agentic-AI-DW-200-Agentic,SKIPPED,2026-06-07T06:47:39.546736+00:00,"Deletion not attempted: no delete-capable GitHub CLI, token, or connector tool is available in this workspace."
Accident-and-Emergency-A-E-Forecasting,https://github.com/Ibraheemolasupogit/Accident-and-Emergency-A-E-Forecasting,SKIPPED,2026-06-07T06:47:39.546736+00:00,"Deletion not attempted: no delete-capable GitHub CLI, token, or connector tool is available in this workspace."
agent-framework,https://github.com/Ibraheemolasupogit/agent-framework,SKIPPED,2026-06-07T06:47:39.546736+00:00,"Deletion not attempted: no delete-capable GitHub CLI, token, or connector tool is available in this workspace."
agent-innovator-lab,https://github.com/Ibraheemolasupogit/agent-innovator-lab,SKIPPED,2026-06-07T06:47:39.546736+00:00,"Deletion not attempted: no delete-capable GitHub CLI, token, or connector tool is available in this workspace."
agentic-ai-lab-foundry,https://github.com/Ibraheemolasupogit/agentic-ai-lab-foundry,SKIPPED,2026-06-07T06:47:39.546736+00:00,"Deletion not attempted: no delete-capable GitHub CLI, token, or connector tool is available in this workspace."
AI-102-AIEngineer,https://github.com/Ibraheemolasupogit/AI-102-AIEngineer,SKIPPED,2026-06-07T06:47:39.546736+00:00,"Deletion not attempted: no delete-capable GitHub CLI, token, or connector tool is available in this workspace."
ai-agents-for-beginners,https://github.com/Ibraheemolasupogit/ai-agents-for-beginners,SKIPPED,2026-06-07T06:47:39.546736+00:00,"Deletion not attempted: no delete-capable GitHub CLI, token, or connector tool is available in this workspace."
AI-For-Beginners,https://github.com/Ibraheemolasupogit/AI-For-Beginners,SKIPPED,2026-06-07T06:47:39.546736+00:00,"Deletion not attempted: no delete-capable GitHub CLI, token, or connector tool is available in this workspace."
ai-gov-uk-website,https://github.com/Ibraheemolasupogit/ai-gov-uk-website,SKIPPED,2026-06-07T06:47:39.546736+00:00,"Deletion not attempted: no delete-capable GitHub CLI, token, or connector tool is available in this workspace."
ai-infra-cluster-provisioning,https://github.com/Ibraheemolasupogit/ai-infra-cluster-provisioning,SKIPPED,2026-06-07T06:47:39.546736+00:00,"Deletion not attempted: no delete-capable GitHub CLI, token, or connector tool is available in this workspace."
ai-platform-samples,https://github.com/Ibraheemolasupogit/ai-platform-samples,SKIPPED,2026-06-07T06:47:39.546736+00:00,"Deletion not attempted: no delete-capable GitHub CLI, token, or connector tool is available in this workspace."
AI-PredictiveMaintenance,https://github.com/Ibraheemolasupogit/AI-PredictiveMaintenance,SKIPPED,2026-06-07T06:47:39.546736+00:00,"Deletion not attempted: no delete-capable GitHub CLI, token, or connector tool is available in this workspace."
Air-Passenger-Count-Prediction-Aircraft,https://github.com/Ibraheemolasupogit/Air-Passenger-Count-Prediction-Aircraft,SKIPPED,2026-06-07T06:47:39.546736+00:00,"Deletion not attempted: no delete-capable GitHub CLI, token, or connector tool is available in this workspace."
Air-traffic-atdelay-Aircraft,https://github.com/Ibraheemolasupogit/Air-traffic-atdelay-Aircraft,SKIPPED,2026-06-07T06:47:39.546736+00:00,"Deletion not attempted: no delete-capable GitHub CLI, token, or connector tool is available in this workspace."
ALZ-Bicep,https://github.com/Ibraheemolasupogit/ALZ-Bicep,SKIPPED,2026-06-07T06:47:39.546736+00:00,"Deletion not attempted: no delete-capable GitHub CLI, token, or connector tool is available in this workspace."
amazon-bedrock-agents-healthcare-lifesciences,https://github.com/Ibraheemolasupogit/amazon-bedrock-agents-healthcare-lifesciences,SKIPPED,2026-06-07T06:47:39.546736+00:00,"Deletion not attempted: no delete-capable GitHub CLI, token, or connector tool is available in this workspace."
amazon-bedrock-rag,https://github.com/Ibraheemolasupogit/amazon-bedrock-rag,SKIPPED,2026-06-07T06:47:39.546736+00:00,"Deletion not attempted: no delete-capable GitHub CLI, token, or connector tool is available in this workspace."
amazon-bedrock-samples,https://github.com/Ibraheemolasupogit/amazon-bedrock-samples,SKIPPED,2026-06-07T06:47:39.546736+00:00,"Deletion not attempted: no delete-capable GitHub CLI, token, or connector tool is available in this workspace."
amazon-codewhisperer-workshop,https://github.com/Ibraheemolasupogit/amazon-codewhisperer-workshop,SKIPPED,2026-06-07T06:47:39.546736+00:00,"Deletion not attempted: no delete-capable GitHub CLI, token, or connector tool is available in this workspace."
amazon-dynamodb-labs,https://github.com/Ibraheemolasupogit/amazon-dynamodb-labs,SKIPPED,2026-06-07T06:47:39.546736+00:00,"Deletion not attempted: no delete-capable GitHub CLI, token, or connector tool is available in this workspace."
amazon-ec2-nice-dcv-semiconductor-wafer-data_MATLAB,https://github.com/Ibraheemolasupogit/amazon-ec2-nice-dcv-semiconductor-wafer-data_MATLAB,SKIPPED,2026-06-07T06:47:39.546736+00:00,"Deletion not attempted: no delete-capable GitHub CLI, token, or connector tool is available in this workspace."
amazon-mlops-example-tensorflow,https://github.com/Ibraheemolasupogit/amazon-mlops-example-tensorflow,SKIPPED,2026-06-07T06:47:39.546736+00:00,"Deletion not attempted: no delete-capable GitHub CLI, token, or connector tool is available in this workspace."
amazon-mwaa-examples,https://github.com/Ibraheemolasupogit/amazon-mwaa-examples,SKIPPED,2026-06-07T06:47:39.546736+00:00,"Deletion not attempted: no delete-capable GitHub CLI, token, or connector tool is available in this workspace."
amazon-nova-samples,https://github.com/Ibraheemolasupogit/amazon-nova-samples,SKIPPED,2026-06-07T06:47:39.546736+00:00,"Deletion not attempted: no delete-capable GitHub CLI, token, or connector tool is available in this workspace."
amazon-personalize-samples,https://github.com/Ibraheemolasupogit/amazon-personalize-samples,SKIPPED,2026-06-07T06:47:39.546736+00:00,"Deletion not attempted: no delete-capable GitHub CLI, token, or connector tool is available in this workspace."
amazon-redshift-udfs,https://github.com/Ibraheemolasupogit/amazon-redshift-udfs,SKIPPED,2026-06-07T06:47:39.546736+00:00,"Deletion not attempted: no delete-capable GitHub CLI, token, or connector tool is available in this workspace."
amazon-rekognition-virtual-proctor,https://github.com/Ibraheemolasupogit/amazon-rekognition-virtual-proctor,SKIPPED,2026-06-07T06:47:39.546736+00:00,"Deletion not attempted: no delete-capable GitHub CLI, token, or connector tool is available in this workspace."
amazon-sagemaker-ab-testing-pipeline,https://github.com/Ibraheemolasupogit/amazon-sagemaker-ab-testing-pipeline,SKIPPED,2026-06-07T06:47:39.546736+00:00,"Deletion not attempted: no delete-capable GitHub CLI, token, or connector tool is available in this workspace."
amazon-sagemaker-examples,https://github.com/Ibraheemolasupogit/amazon-sagemaker-examples,SKIPPED,2026-06-07T06:47:39.546736+00:00,"Deletion not attempted: no delete-capable GitHub CLI, token, or connector tool is available in this workspace."
amazon-sagemaker-generativeai,https://github.com/Ibraheemolasupogit/amazon-sagemaker-generativeai,SKIPPED,2026-06-07T06:47:39.546736+00:00,"Deletion not attempted: no delete-capable GitHub CLI, token, or connector tool is available in this workspace."
amazon-sagemaker-predictive-maintenance,https://github.com/Ibraheemolasupogit/amazon-sagemaker-predictive-maintenance,SKIPPED,2026-06-07T06:47:39.546736+00:00,"Deletion not attempted: no delete-capable GitHub CLI, token, or connector tool is available in this workspace."
amazon-textract-textractor,https://github.com/Ibraheemolasupogit/amazon-textract-textractor,SKIPPED,2026-06-07T06:47:39.546736+00:00,"Deletion not attempted: no delete-capable GitHub CLI, token, or connector tool is available in this workspace."
amazon-transcribe-live-call-analytics,https://github.com/Ibraheemolasupogit/amazon-transcribe-live-call-analytics,SKIPPED,2026-06-07T06:47:39.546736+00:00,"Deletion not attempted: no delete-capable GitHub CLI, token, or connector tool is available in this workspace."
Amazon-Translate-document-translation,https://github.com/Ibraheemolasupogit/Amazon-Translate-document-translation,SKIPPED,2026-06-07T06:47:39.546736+00:00,"Deletion not attempted: no delete-capable GitHub CLI, token, or connector tool is available in this workspace."
ambulance_response_times_and_handover_delays,https://github.com/Ibraheemolasupogit/ambulance_response_times_and_handover_delays,SKIPPED,2026-06-07T06:47:39.546736+00:00,"Deletion not attempted: no delete-capable GitHub CLI, token, or connector tool is available in this workspace."
ambulance-DES,https://github.com/Ibraheemolasupogit/ambulance-DES,SKIPPED,2026-06-07T06:47:39.546736+00:00,"Deletion not attempted: no delete-capable GitHub CLI, token, or connector tool is available in this workspace."
analytical-data-style-guide-SW,https://github.com/Ibraheemolasupogit/analytical-data-style-guide-SW,SKIPPED,2026-06-07T06:47:39.546736+00:00,"Deletion not attempted: no delete-capable GitHub CLI, token, or connector tool is available in this workspace."
ansible,https://github.com/Ibraheemolasupogit/ansible,SKIPPED,2026-06-07T06:47:39.546736+00:00,"Deletion not attempted: no delete-capable GitHub CLI, token, or connector tool is available in this workspace."
Apache-airflow,https://github.com/Ibraheemolasupogit/Apache-airflow,SKIPPED,2026-06-07T06:47:39.546736+00:00,"Deletion not attempted: no delete-capable GitHub CLI, token, or connector tool is available in this workspace."
Apache-arrow,https://github.com/Ibraheemolasupogit/Apache-arrow,SKIPPED,2026-06-07T06:47:39.546736+00:00,"Deletion not attempted: no delete-capable GitHub CLI, token, or connector tool is available in this workspace."
Apache-flink,https://github.com/Ibraheemolasupogit/Apache-flink,SKIPPED,2026-06-07T06:47:39.546736+00:00,"Deletion not attempted: no delete-capable GitHub CLI, token, or connector tool is available in this workspace."
Apache-hadoop,https://github.com/Ibraheemolasupogit/Apache-hadoop,SKIPPED,2026-06-07T06:47:39.546736+00:00,"Deletion not attempted: no delete-capable GitHub CLI, token, or connector tool is available in this workspace."
Apache-kafka,https://github.com/Ibraheemolasupogit/Apache-kafka,SKIPPED,2026-06-07T06:47:39.546736+00:00,"Deletion not attempted: no delete-capable GitHub CLI, token, or connector tool is available in this workspace."
Apache-superset,https://github.com/Ibraheemolasupogit/Apache-superset,SKIPPED,2026-06-07T06:47:39.546736+00:00,"Deletion not attempted: no delete-capable GitHub CLI, token, or connector tool is available in this workspace."
APL-2002-develop-aspnet-core-consumes-api,https://github.com/Ibraheemolasupogit/APL-2002-develop-aspnet-core-consumes-api,SKIPPED,2026-06-07T06:47:39.546736+00:00,"Deletion not attempted: no delete-capable GitHub CLI, token, or connector tool is available in this workspace."
AppliedNLPMaterial,https://github.com/Ibraheemolasupogit/AppliedNLPMaterial,SKIPPED,2026-06-07T06:47:39.546736+00:00,"Deletion not attempted: no delete-capable GitHub CLI, token, or connector tool is available in this workspace."
atomic-red-team,https://github.com/Ibraheemolasupogit/atomic-red-team,SKIPPED,2026-06-07T06:47:39.546736+00:00,"Deletion not attempted: no delete-capable GitHub CLI, token, or connector tool is available in this workspace."
attendance_system,https://github.com/Ibraheemolasupogit/attendance_system,SKIPPED,2026-06-07T06:47:39.546736+00:00,"Deletion not attempted: no delete-capable GitHub CLI, token, or connector tool is available in this workspace."
au-azure-databricks-cicd,https://github.com/Ibraheemolasupogit/au-azure-databricks-cicd,SKIPPED,2026-06-07T06:47:39.546736+00:00,"Deletion not attempted: no delete-capable GitHub CLI, token, or connector tool is available in this workspace."
autogen,https://github.com/Ibraheemolasupogit/autogen,SKIPPED,2026-06-07T06:47:39.546736+00:00,"Deletion not attempted: no delete-capable GitHub CLI, token, or connector tool is available in this workspace."
autoscaler,https://github.com/Ibraheemolasupogit/autoscaler,SKIPPED,2026-06-07T06:47:39.546736+00:00,"Deletion not attempted: no delete-capable GitHub CLI, token, or connector tool is available in this workspace."
awesome-ai-agents,https://github.com/Ibraheemolasupogit/awesome-ai-agents,SKIPPED,2026-06-07T06:47:39.546736+00:00,"Deletion not attempted: no delete-capable GitHub CLI, token, or connector tool is available in this workspace."
awesome-ml-for-cybersecurity,https://github.com/Ibraheemolasupogit/awesome-ml-for-cybersecurity,SKIPPED,2026-06-07T06:47:39.546736+00:00,"Deletion not attempted: no delete-capable GitHub CLI, token, or connector tool is available in this workspace."
aws-fraud-detector-samples,https://github.com/Ibraheemolasupogit/aws-fraud-detector-samples,SKIPPED,2026-06-07T06:47:39.546736+00:00,"Deletion not attempted: no delete-capable GitHub CLI, token, or connector tool is available in this workspace."
aws-lex-web-ui,https://github.com/Ibraheemolasupogit/aws-lex-web-ui,SKIPPED,2026-06-07T06:47:39.546736+00:00,"Deletion not attempted: no delete-capable GitHub CLI, token, or connector tool is available in this workspace."
aws-machine-learning-university-accelerated-nlp,https://github.com/Ibraheemolasupogit/aws-machine-learning-university-accelerated-nlp,SKIPPED,2026-06-07T06:47:39.546736+00:00,"Deletion not attempted: no delete-capable GitHub CLI, token, or connector tool is available in this workspace."
aws-machine-learning-university-Decision-Trees-and-Ensemble-Methods-Class,https://github.com/Ibraheemolasupogit/aws-machine-learning-university-Decision-Trees-and-Ensemble-Methods-Class,SKIPPED,2026-06-07T06:47:39.546736+00:00,"Deletion not attempted: no delete-capable GitHub CLI, token, or connector tool is available in this workspace."
aws-saa-c03,https://github.com/Ibraheemolasupogit/aws-saa-c03,SKIPPED,2026-06-07T06:47:39.546736+00:00,"Deletion not attempted: no delete-capable GitHub CLI, token, or connector tool is available in this workspace."
aws-serverless-airline-booking,https://github.com/Ibraheemolasupogit/aws-serverless-airline-booking,SKIPPED,2026-06-07T06:47:39.546736+00:00,"Deletion not attempted: no delete-capable GitHub CLI, token, or connector tool is available in this workspace."
aws-serverless-nlp-comprehend-using-aws-cdk,https://github.com/Ibraheemolasupogit/aws-serverless-nlp-comprehend-using-aws-cdk,SKIPPED,2026-06-07T06:47:39.546736+00:00,"Deletion not attempted: no delete-capable GitHub CLI, token, or connector tool is available in this workspace."
AZ-1008-Administer-Active-Directory-Domain-Services,https://github.com/Ibraheemolasupogit/AZ-1008-Administer-Active-Directory-Domain-Services,SKIPPED,2026-06-07T06:47:39.546736+00:00,"Deletion not attempted: no delete-capable GitHub CLI, token, or connector tool is available in this workspace."
AZ-104-MicrosoftAzureAdministrator,https://github.com/Ibraheemolasupogit/AZ-104-MicrosoftAzureAdministrator,SKIPPED,2026-06-07T06:47:39.546736+00:00,"Deletion not attempted: no delete-capable GitHub CLI, token, or connector tool is available in this workspace."
az-2003-deploy-cloud-native-applications-using-azure-container-apps,https://github.com/Ibraheemolasupogit/az-2003-deploy-cloud-native-applications-using-azure-container-apps,SKIPPED,2026-06-07T06:47:39.546736+00:00,"Deletion not attempted: no delete-capable GitHub CLI, token, or connector tool is available in this workspace."
AZ-2006-automate-azure-loadtesting-github-actions,https://github.com/Ibraheemolasupogit/AZ-2006-automate-azure-loadtesting-github-actions,SKIPPED,2026-06-07T06:47:39.546736+00:00,"Deletion not attempted: no delete-capable GitHub CLI, token, or connector tool is available in this workspace."
AZ-2007-Accelerate-app-development-by-using-GitHub-Copilot,https://github.com/Ibraheemolasupogit/AZ-2007-Accelerate-app-development-by-using-GitHub-Copilot,SKIPPED,2026-06-07T06:47:39.546736+00:00,"Deletion not attempted: no delete-capable GitHub CLI, token, or connector tool is available in this workspace."
AZ-204-DevelopingSolutionsforMicrosoftAzure-Devops-Prereq,https://github.com/Ibraheemolasupogit/AZ-204-DevelopingSolutionsforMicrosoftAzure-Devops-Prereq,SKIPPED,2026-06-07T06:47:39.546736+00:00,"Deletion not attempted: no delete-capable GitHub CLI, token, or connector tool is available in this workspace."
az-204-examples,https://github.com/Ibraheemolasupogit/az-204-examples,SKIPPED,2026-06-07T06:47:39.546736+00:00,"Deletion not attempted: no delete-capable GitHub CLI, token, or connector tool is available in this workspace."
AZ-305-DesigningMicrosoftAzureInfrastructureSolutions,https://github.com/Ibraheemolasupogit/AZ-305-DesigningMicrosoftAzureInfrastructureSolutions,SKIPPED,2026-06-07T06:47:39.546736+00:00,"Deletion not attempted: no delete-capable GitHub CLI, token, or connector tool is available in this workspace."
AZ-700-Designing-and-Implementing-Microsoft-Azure-Networking-Solutions,https://github.com/Ibraheemolasupogit/AZ-700-Designing-and-Implementing-Microsoft-Azure-Networking-Solutions,SKIPPED,2026-06-07T06:47:39.546736+00:00,"Deletion not attempted: no delete-capable GitHub CLI, token, or connector tool is available in this workspace."
AZ500-AzureSecurityTechnologies,https://github.com/Ibraheemolasupogit/AZ500-AzureSecurityTechnologies,SKIPPED,2026-06-07T06:47:39.546736+00:00,"Deletion not attempted: no delete-capable GitHub CLI, token, or connector tool is available in this workspace."
azure-ai-agent-lab,https://github.com/Ibraheemolasupogit/azure-ai-agent-lab,SKIPPED,2026-06-07T06:47:39.546736+00:00,"Deletion not attempted: no delete-capable GitHub CLI, token, or connector tool is available in this workspace."
azure-ai-agents-labs-Agentic-RAG,https://github.com/Ibraheemolasupogit/azure-ai-agents-labs-Agentic-RAG,SKIPPED,2026-06-07T06:47:39.546736+00:00,"Deletion not attempted: no delete-capable GitHub CLI, token, or connector tool is available in this workspace."
azure-devops-mcp,https://github.com/Ibraheemolasupogit/azure-devops-mcp,SKIPPED,2026-06-07T06:47:39.546736+00:00,"Deletion not attempted: no delete-capable GitHub CLI, token, or connector tool is available in this workspace."
Azure-load-testing,https://github.com/Ibraheemolasupogit/Azure-load-testing,SKIPPED,2026-06-07T06:47:39.546736+00:00,"Deletion not attempted: no delete-capable GitHub CLI, token, or connector tool is available in this workspace."
Azure-Machine-Learning-Practice-GuidesML-Practice-Guides,https://github.com/Ibraheemolasupogit/Azure-Machine-Learning-Practice-GuidesML-Practice-Guides,SKIPPED,2026-06-07T06:47:39.546736+00:00,"Deletion not attempted: no delete-capable GitHub CLI, token, or connector tool is available in this workspace."
azure-monitor-baseline-alerts,https://github.com/Ibraheemolasupogit/azure-monitor-baseline-alerts,SKIPPED,2026-06-07T06:47:39.546736+00:00,"Deletion not attempted: no delete-capable GitHub CLI, token, or connector tool is available in this workspace."
azure-powershell,https://github.com/Ibraheemolasupogit/azure-powershell,SKIPPED,2026-06-07T06:47:39.546736+00:00,"Deletion not attempted: no delete-capable GitHub CLI, token, or connector tool is available in this workspace."
azure-search-knowledge-mining,https://github.com/Ibraheemolasupogit/azure-search-knowledge-mining,SKIPPED,2026-06-07T06:47:39.546736+00:00,"Deletion not attempted: no delete-capable GitHub CLI, token, or connector tool is available in this workspace."
Azure-Sentinel,https://github.com/Ibraheemolasupogit/Azure-Sentinel,SKIPPED,2026-06-07T06:47:39.546736+00:00,"Deletion not attempted: no delete-capable GitHub CLI, token, or connector tool is available in this workspace."
azure-service-bus,https://github.com/Ibraheemolasupogit/azure-service-bus,SKIPPED,2026-06-07T06:47:39.546736+00:00,"Deletion not attempted: no delete-capable GitHub CLI, token, or connector tool is available in this workspace."
azure-service-bus-emulator-installer,https://github.com/Ibraheemolasupogit/azure-service-bus-emulator-installer,SKIPPED,2026-06-07T06:47:39.546736+00:00,"Deletion not attempted: no delete-capable GitHub CLI, token, or connector tool is available in this workspace."
azureml-examples,https://github.com/Ibraheemolasupogit/azureml-examples,SKIPPED,2026-06-07T06:47:39.546736+00:00,"Deletion not attempted: no delete-capable GitHub CLI, token, or connector tool is available in this workspace."
bedrock-access-gateway-API,https://github.com/Ibraheemolasupogit/bedrock-access-gateway-API,SKIPPED,2026-06-07T06:47:39.546736+00:00,"Deletion not attempted: no delete-capable GitHub CLI, token, or connector tool is available in this workspace."
bedrock-engineer,https://github.com/Ibraheemolasupogit/bedrock-engineer,SKIPPED,2026-06-07T06:47:39.546736+00:00,"Deletion not attempted: no delete-capable GitHub CLI, token, or connector tool is available in this workspace."
browser-use,https://github.com/Ibraheemolasupogit/browser-use,SKIPPED,2026-06-07T06:47:39.546736+00:00,"Deletion not attempted: no delete-capable GitHub CLI, token, or connector tool is available in this workspace."
build-push-action,https://github.com/Ibraheemolasupogit/build-push-action,SKIPPED,2026-06-07T06:47:39.546736+00:00,"Deletion not attempted: no delete-capable GitHub CLI, token, or connector tool is available in this workspace."
Building-and-Deploying-Machine-Learning-Solutions-with-Vertex-AI-Challenge-Lab,https://github.com/Ibraheemolasupogit/Building-and-Deploying-Machine-Learning-Solutions-with-Vertex-AI-Challenge-Lab,SKIPPED,2026-06-07T06:47:39.546736+00:00,"Deletion not attempted: no delete-capable GitHub CLI, token, or connector tool is available in this workspace."
buildx,https://github.com/Ibraheemolasupogit/buildx,SKIPPED,2026-06-07T06:47:39.546736+00:00,"Deletion not attempted: no delete-capable GitHub CLI, token, or connector tool is available in this workspace."
chocolate-ai,https://github.com/Ibraheemolasupogit/chocolate-ai,SKIPPED,2026-06-07T06:47:39.546736+00:00,"Deletion not attempted: no delete-capable GitHub CLI, token, or connector tool is available in this workspace."
clean-code-course-code,https://github.com/Ibraheemolasupogit/clean-code-course-code,SKIPPED,2026-06-07T06:47:39.546736+00:00,"Deletion not attempted: no delete-capable GitHub CLI, token, or connector tool is available in this workspace."
cli,https://github.com/Ibraheemolasupogit/cli,SKIPPED,2026-06-07T06:47:39.546736+00:00,"Deletion not attempted: no delete-capable GitHub CLI, token, or connector tool is available in this workspace."
clinical-risk-stratification,https://github.com/Ibraheemolasupogit/clinical-risk-stratification,SKIPPED,2026-06-07T06:47:39.546736+00:00,"Deletion not attempted: no delete-capable GitHub CLI, token, or connector tool is available in this workspace."
cloud-build-samples,https://github.com/Ibraheemolasupogit/cloud-build-samples,SKIPPED,2026-06-07T06:47:39.546736+00:00,"Deletion not attempted: no delete-capable GitHub CLI, token, or connector tool is available in this workspace."
Co-Pilot-build-applications-w-copilot-agent-mode,https://github.com/Ibraheemolasupogit/Co-Pilot-build-applications-w-copilot-agent-mode,SKIPPED,2026-06-07T06:47:39.546736+00:00,"Deletion not attempted: no delete-capable GitHub CLI, token, or connector tool is available in this workspace."
code-contributions,https://github.com/Ibraheemolasupogit/code-contributions,SKIPPED,2026-06-07T06:47:39.546736+00:00,"Deletion not attempted: no delete-capable GitHub CLI, token, or connector tool is available in this workspace."
Cognitive-Services-Vision-Solution-Templates,https://github.com/Ibraheemolasupogit/Cognitive-Services-Vision-Solution-Templates,SKIPPED,2026-06-07T06:47:39.546736+00:00,"Deletion not attempted: no delete-capable GitHub CLI, token, or connector tool is available in this workspace."
community,https://github.com/Ibraheemolasupogit/community,SKIPPED,2026-06-07T06:47:39.546736+00:00,"Deletion not attempted: no delete-capable GitHub CLI, token, or connector tool is available in this workspace."
compose,https://github.com/Ibraheemolasupogit/compose,SKIPPED,2026-06-07T06:47:39.546736+00:00,"Deletion not attempted: no delete-capable GitHub CLI, token, or connector tool is available in this workspace."
composer-airflow,https://github.com/Ibraheemolasupogit/composer-airflow,SKIPPED,2026-06-07T06:47:39.546736+00:00,"Deletion not attempted: no delete-capable GitHub CLI, token, or connector tool is available in this workspace."
computer-vision-aws-machine-learning-university-accelerated-cv,https://github.com/Ibraheemolasupogit/computer-vision-aws-machine-learning-university-accelerated-cv,SKIPPED,2026-06-07T06:47:39.546736+00:00,"Deletion not attempted: no delete-capable GitHub CLI, token, or connector tool is available in this workspace."
Configure-secure-access-to-workloads-with-Azure-virtual-networking-services,https://github.com/Ibraheemolasupogit/Configure-secure-access-to-workloads-with-Azure-virtual-networking-services,SKIPPED,2026-06-07T06:47:39.546736+00:00,"Deletion not attempted: no delete-capable GitHub CLI, token, or connector tool is available in this workspace."
configure-siem-security-operations-using-microsoft-sentinel,https://github.com/Ibraheemolasupogit/configure-siem-security-operations-using-microsoft-sentinel,SKIPPED,2026-06-07T06:47:39.546736+00:00,"Deletion not attempted: no delete-capable GitHub CLI, token, or connector tool is available in this workspace."
configuring-qbusiness-with-idc-tti,https://github.com/Ibraheemolasupogit/configuring-qbusiness-with-idc-tti,SKIPPED,2026-06-07T06:47:39.546736+00:00,"Deletion not attempted: no delete-capable GitHub CLI, token, or connector tool is available in this workspace."
contoso-chat-csharp-prompty,https://github.com/Ibraheemolasupogit/contoso-chat-csharp-prompty,SKIPPED,2026-06-07T06:47:39.546736+00:00,"Deletion not attempted: no delete-capable GitHub CLI, token, or connector tool is available in this workspace."
course-deep-learning-bootcamp,https://github.com/Ibraheemolasupogit/course-deep-learning-bootcamp,SKIPPED,2026-06-07T06:47:39.546736+00:00,"Deletion not attempted: no delete-capable GitHub CLI, token, or connector tool is available in this workspace."
course-master-big-data-with-pyspark-and-aws-Lex,https://github.com/Ibraheemolasupogit/course-master-big-data-with-pyspark-and-aws-Lex,SKIPPED,2026-06-07T06:47:39.546736+00:00,"Deletion not attempted: no delete-capable GitHub CLI, token, or connector tool is available in this workspace."
course-ml-projects,https://github.com/Ibraheemolasupogit/course-ml-projects,SKIPPED,2026-06-07T06:47:39.546736+00:00,"Deletion not attempted: no delete-capable GitHub CLI, token, or connector tool is available in this workspace."
course-pytorch,https://github.com/Ibraheemolasupogit/course-pytorch,SKIPPED,2026-06-07T06:47:39.546736+00:00,"Deletion not attempted: no delete-capable GitHub CLI, token, or connector tool is available in this workspace."
Credit-Card-Application-Fraud-Analytics,https://github.com/Ibraheemolasupogit/Credit-Card-Application-Fraud-Analytics,SKIPPED,2026-06-07T06:47:39.546736+00:00,"Deletion not attempted: no delete-capable GitHub CLI, token, or connector tool is available in this workspace."
Credit-card-approval-prediction-classification,https://github.com/Ibraheemolasupogit/Credit-card-approval-prediction-classification,SKIPPED,2026-06-07T06:47:39.546736+00:00,"Deletion not attempted: no delete-capable GitHub CLI, token, or connector tool is available in this workspace."
Credit-Card-Fraud-Detection,https://github.com/Ibraheemolasupogit/Credit-Card-Fraud-Detection,SKIPPED,2026-06-07T06:47:39.546736+00:00,"Deletion not attempted: no delete-capable GitHub CLI, token, or connector tool is available in this workspace."
Credit-Card-Fraud-Detection-using-Autoencoders-in-Keras,https://github.com/Ibraheemolasupogit/Credit-Card-Fraud-Detection-using-Autoencoders-in-Keras,SKIPPED,2026-06-07T06:47:39.546736+00:00,"Deletion not attempted: no delete-capable GitHub CLI, token, or connector tool is available in this workspace."
Credit-Risk-Modeling-End-to-End-Project,https://github.com/Ibraheemolasupogit/Credit-Risk-Modeling-End-to-End-Project,SKIPPED,2026-06-07T06:47:39.546736+00:00,"Deletion not attempted: no delete-capable GitHub CLI, token, or connector tool is available in this workspace."
crewAI,https://github.com/Ibraheemolasupogit/crewAI,SKIPPED,2026-06-07T06:47:39.546736+00:00,"Deletion not attempted: no delete-capable GitHub CLI, token, or connector tool is available in this workspace."
DALL-E,https://github.com/Ibraheemolasupogit/DALL-E,SKIPPED,2026-06-07T06:47:39.546736+00:00,"Deletion not attempted: no delete-capable GitHub CLI, token, or connector tool is available in this workspace."
darkspace-Git-Hub-GH-900,https://github.com/Ibraheemolasupogit/darkspace-Git-Hub-GH-900,SKIPPED,2026-06-07T06:47:39.546736+00:00,"Deletion not attempted: no delete-capable GitHub CLI, token, or connector tool is available in this workspace."
data-analytics-golden-demo,https://github.com/Ibraheemolasupogit/data-analytics-golden-demo,SKIPPED,2026-06-07T06:47:39.546736+00:00,"Deletion not attempted: no delete-capable GitHub CLI, token, or connector tool is available in this workspace."
data-analytics-services,https://github.com/Ibraheemolasupogit/data-analytics-services,SKIPPED,2026-06-07T06:47:39.546736+00:00,"Deletion not attempted: no delete-capable GitHub CLI, token, or connector tool is available in this workspace."
data-api-builder,https://github.com/Ibraheemolasupogit/data-api-builder,SKIPPED,2026-06-07T06:47:39.546736+00:00,"Deletion not attempted: no delete-capable GitHub CLI, token, or connector tool is available in this workspace."
data-beans,https://github.com/Ibraheemolasupogit/data-beans,SKIPPED,2026-06-07T06:47:39.546736+00:00,"Deletion not attempted: no delete-capable GitHub CLI, token, or connector tool is available in this workspace."
Data-pipeline-project,https://github.com/Ibraheemolasupogit/Data-pipeline-project,SKIPPED,2026-06-07T06:47:39.546736+00:00,"Deletion not attempted: no delete-capable GitHub CLI, token, or connector tool is available in this workspace."
Data-Science-For-Beginners,https://github.com/Ibraheemolasupogit/Data-Science-For-Beginners,SKIPPED,2026-06-07T06:47:39.546736+00:00,"Deletion not attempted: no delete-capable GitHub CLI, token, or connector tool is available in this workspace."
data-science-interviews,https://github.com/Ibraheemolasupogit/data-science-interviews,SKIPPED,2026-06-07T06:47:39.546736+00:00,"Deletion not attempted: no delete-capable GitHub CLI, token, or connector tool is available in this workspace."
data-science-ipython-notebooks,https://github.com/Ibraheemolasupogit/data-science-ipython-notebooks,SKIPPED,2026-06-07T06:47:39.546736+00:00,"Deletion not attempted: no delete-capable GitHub CLI, token, or connector tool is available in this workspace."
datascience,https://github.com/Ibraheemolasupogit/datascience,SKIPPED,2026-06-07T06:47:39.546736+00:00,"Deletion not attempted: no delete-capable GitHub CLI, token, or connector tool is available in this workspace."
Deep-Live-Cam-GAN,https://github.com/Ibraheemolasupogit/Deep-Live-Cam-GAN,SKIPPED,2026-06-07T06:47:39.546736+00:00,"Deletion not attempted: no delete-capable GitHub CLI, token, or connector tool is available in this workspace."
Defend-against-cyberthreats-Microsoft-Defender-XDR,https://github.com/Ibraheemolasupogit/Defend-against-cyberthreats-Microsoft-Defender-XDR,SKIPPED,2026-06-07T06:47:39.546736+00:00,"Deletion not attempted: no delete-capable GitHub CLI, token, or connector tool is available in this workspace."
Defender-SC-200T00A-Microsoft-Security-Operations-Analyst,https://github.com/Ibraheemolasupogit/Defender-SC-200T00A-Microsoft-Security-Operations-Analyst,SKIPPED,2026-06-07T06:47:39.546736+00:00,"Deletion not attempted: no delete-capable GitHub CLI, token, or connector tool is available in this workspace."
delta,https://github.com/Ibraheemolasupogit/delta,SKIPPED,2026-06-07T06:47:39.546736+00:00,"Deletion not attempted: no delete-capable GitHub CLI, token, or connector tool is available in this workspace."
deploy-cloud-functions,https://github.com/Ibraheemolasupogit/deploy-cloud-functions,SKIPPED,2026-06-07T06:47:39.546736+00:00,"Deletion not attempted: no delete-capable GitHub CLI, token, or connector tool is available in this workspace."
Develop-generative-AI-apps-in-Azures-GenAIOps,https://github.com/Ibraheemolasupogit/Develop-generative-AI-apps-in-Azures-GenAIOps,SKIPPED,2026-06-07T06:47:39.546736+00:00,"Deletion not attempted: no delete-capable GitHub CLI, token, or connector tool is available in this workspace."
Devops-AZ400-DesigningandImplementingMicrosoftDevOpsSolutions,https://github.com/Ibraheemolasupogit/Devops-AZ400-DesigningandImplementingMicrosoftDevOpsSolutions,SKIPPED,2026-06-07T06:47:39.546736+00:00,"Deletion not attempted: no delete-capable GitHub CLI, token, or connector tool is available in this workspace."
Devops-eShopOnWeb,https://github.com/Ibraheemolasupogit/Devops-eShopOnWeb,SKIPPED,2026-06-07T06:47:39.546736+00:00,"Deletion not attempted: no delete-capable GitHub CLI, token, or connector tool is available in this workspace."
Devops-hello-world,https://github.com/Ibraheemolasupogit/Devops-hello-world,SKIPPED,2026-06-07T06:47:39.546736+00:00,"Deletion not attempted: no delete-capable GitHub CLI, token, or connector tool is available in this workspace."
DevOps-solutions,https://github.com/Ibraheemolasupogit/DevOps-solutions,SKIPPED,2026-06-07T06:47:39.546736+00:00,"Deletion not attempted: no delete-capable GitHub CLI, token, or connector tool is available in this workspace."
diffusers,https://github.com/Ibraheemolasupogit/diffusers,SKIPPED,2026-06-07T06:47:39.546736+00:00,"Deletion not attempted: no delete-capable GitHub CLI, token, or connector tool is available in this workspace."
dify,https://github.com/Ibraheemolasupogit/dify,SKIPPED,2026-06-07T06:47:39.546736+00:00,"Deletion not attempted: no delete-capable GitHub CLI, token, or connector tool is available in this workspace."
docs,https://github.com/Ibraheemolasupogit/docs,SKIPPED,2026-06-07T06:47:39.546736+00:00,"Deletion not attempted: no delete-capable GitHub CLI, token, or connector tool is available in this workspace."
DP-100-Designing-and-implementing-data-science-solutions-on-Azure,https://github.com/Ibraheemolasupogit/DP-100-Designing-and-implementing-data-science-solutions-on-Azure,SKIPPED,2026-06-07T06:47:39.546736+00:00,"Deletion not attempted: no delete-capable GitHub CLI, token, or connector tool is available in this workspace."
dp-203-azure-data-engineer-DP-3012-Data-Analytics-Solution-with-Azure-Synapse-Analytics,https://github.com/Ibraheemolasupogit/dp-203-azure-data-engineer-DP-3012-Data-Analytics-Solution-with-Azure-Synapse-Analytics,SKIPPED,2026-06-07T06:47:39.546736+00:00,"Deletion not attempted: no delete-capable GitHub CLI, token, or connector tool is available in this workspace."
dp-300-database-administrator,https://github.com/Ibraheemolasupogit/dp-300-database-administrator,SKIPPED,2026-06-07T06:47:39.546736+00:00,"Deletion not attempted: no delete-capable GitHub CLI, token, or connector tool is available in this workspace."
DP-3028-Gen-AI-Eng-DP-3014-ML-solution-with-Azure-Databricks-DP-3011-Data-Analytic-DP-3027-Data-DEgr,https://github.com/Ibraheemolasupogit/DP-3028-Gen-AI-Eng-DP-3014-ML-solution-with-Azure-Databricks-DP-3011-Data-Analytic-DP-3027-Data-DEgr,SKIPPED,2026-06-07T06:47:39.546736+00:00,"Deletion not attempted: no delete-capable GitHub CLI, token, or connector tool is available in this workspace."
dp-420-cosmos-db-dev,https://github.com/Ibraheemolasupogit/dp-420-cosmos-db-dev,SKIPPED,2026-06-07T06:47:39.546736+00:00,"Deletion not attempted: no delete-capable GitHub CLI, token, or connector tool is available in this workspace."
DP-500-Azure-Data-Analyst,https://github.com/Ibraheemolasupogit/DP-500-Azure-Data-Analyst,SKIPPED,2026-06-07T06:47:39.546736+00:00,"Deletion not attempted: no delete-capable GitHub CLI, token, or connector tool is available in this workspace."
DP-700T00-A-Microsoft-Fabric-Data-Engineer-Fabric-mslearn-fabric,https://github.com/Ibraheemolasupogit/DP-700T00-A-Microsoft-Fabric-Data-Engineer-Fabric-mslearn-fabric,SKIPPED,2026-06-07T06:47:39.546736+00:00,"Deletion not attempted: no delete-capable GitHub CLI, token, or connector tool is available in this workspace."
DP-750T00-Implement-Data-Engineering-Solutions-using-Azure-Databricks,https://github.com/Ibraheemolasupogit/DP-750T00-Implement-Data-Engineering-Solutions-using-Azure-Databricks,SKIPPED,2026-06-07T06:47:39.546736+00:00,"Deletion not attempted: no delete-capable GitHub CLI, token, or connector tool is available in this workspace."
DP-900T00A-Azure-Data-Fundamentals,https://github.com/Ibraheemolasupogit/DP-900T00A-Azure-Data-Fundamentals,SKIPPED,2026-06-07T06:47:39.546736+00:00,"Deletion not attempted: no delete-capable GitHub CLI, token, or connector tool is available in this workspace."
End-to-End-Vertex-AI-Pipeline-for-Fraud-Detection,https://github.com/Ibraheemolasupogit/End-to-End-Vertex-AI-Pipeline-for-Fraud-Detection,SKIPPED,2026-06-07T06:47:39.546736+00:00,"Deletion not attempted: no delete-capable GitHub CLI, token, or connector tool is available in this workspace."
fabric-cli-powerbi-cicd-sample,https://github.com/Ibraheemolasupogit/fabric-cli-powerbi-cicd-sample,SKIPPED,2026-06-07T06:47:39.546736+00:00,"Deletion not attempted: no delete-capable GitHub CLI, token, or connector tool is available in this workspace."
Forecasting,https://github.com/Ibraheemolasupogit/Forecasting,SKIPPED,2026-06-07T06:47:39.546736+00:00,"Deletion not attempted: no delete-capable GitHub CLI, token, or connector tool is available in this workspace."
Fraud-Analytics-with-AI-ML,https://github.com/Ibraheemolasupogit/Fraud-Analytics-with-AI-ML,SKIPPED,2026-06-07T06:47:39.546736+00:00,"Deletion not attempted: no delete-capable GitHub CLI, token, or connector tool is available in this workspace."
fraud-detection-handbook,https://github.com/Ibraheemolasupogit/fraud-detection-handbook,SKIPPED,2026-06-07T06:47:39.546736+00:00,"Deletion not attempted: no delete-capable GitHub CLI, token, or connector tool is available in this workspace."
GCP-deploy-cloudrun,https://github.com/Ibraheemolasupogit/GCP-deploy-cloudrun,SKIPPED,2026-06-07T06:47:39.546736+00:00,"Deletion not attempted: no delete-capable GitHub CLI, token, or connector tool is available in this workspace."
GCP-example-workflows,https://github.com/Ibraheemolasupogit/GCP-example-workflows,SKIPPED,2026-06-07T06:47:39.546736+00:00,"Deletion not attempted: no delete-capable GitHub CLI, token, or connector tool is available in this workspace."
gcp-mlops-development-to-deployment,https://github.com/Ibraheemolasupogit/gcp-mlops-development-to-deployment,SKIPPED,2026-06-07T06:47:39.546736+00:00,"Deletion not attempted: no delete-capable GitHub CLI, token, or connector tool is available in this workspace."
GCP-workflows-demos,https://github.com/Ibraheemolasupogit/GCP-workflows-demos,SKIPPED,2026-06-07T06:47:39.546736+00:00,"Deletion not attempted: no delete-capable GitHub CLI, token, or connector tool is available in this workspace."
gcs-connector-for-pytorch,https://github.com/Ibraheemolasupogit/gcs-connector-for-pytorch,SKIPPED,2026-06-07T06:47:39.546736+00:00,"Deletion not attempted: no delete-capable GitHub CLI, token, or connector tool is available in this workspace."
gemini-cli,https://github.com/Ibraheemolasupogit/gemini-cli,SKIPPED,2026-06-07T06:47:39.546736+00:00,"Deletion not attempted: no delete-capable GitHub CLI, token, or connector tool is available in this workspace."
genai-cookbook,https://github.com/Ibraheemolasupogit/genai-cookbook,SKIPPED,2026-06-07T06:47:39.546736+00:00,"Deletion not attempted: no delete-capable GitHub CLI, token, or connector tool is available in this workspace."
generative-ai,https://github.com/Ibraheemolasupogit/generative-ai,SKIPPED,2026-06-07T06:47:39.546736+00:00,"Deletion not attempted: no delete-capable GitHub CLI, token, or connector tool is available in this workspace."
gensim,https://github.com/Ibraheemolasupogit/gensim,SKIPPED,2026-06-07T06:47:39.546736+00:00,"Deletion not attempted: no delete-capable GitHub CLI, token, or connector tool is available in this workspace."
Get-started-Microsoft-Entra-Management-Tasks,https://github.com/Ibraheemolasupogit/Get-started-Microsoft-Entra-Management-Tasks,SKIPPED,2026-06-07T06:47:39.546736+00:00,"Deletion not attempted: no delete-capable GitHub CLI, token, or connector tool is available in this workspace."
getting-started-with-github-copilot,https://github.com/Ibraheemolasupogit/getting-started-with-github-copilot,SKIPPED,2026-06-07T06:47:39.546736+00:00,"Deletion not attempted: no delete-capable GitHub CLI, token, or connector tool is available in this workspace."
Git-Hub-Actions-cache,https://github.com/Ibraheemolasupogit/Git-Hub-Actions-cache,SKIPPED,2026-06-07T06:47:39.546736+00:00,"Deletion not attempted: no delete-capable GitHub CLI, token, or connector tool is available in this workspace."
Git-Hub-Actions-download-artifact,https://github.com/Ibraheemolasupogit/Git-Hub-Actions-download-artifact,SKIPPED,2026-06-07T06:47:39.546736+00:00,"Deletion not attempted: no delete-capable GitHub CLI, token, or connector tool is available in this workspace."
Git-Hub-Actions-JavaScript-toolkit,https://github.com/Ibraheemolasupogit/Git-Hub-Actions-JavaScript-toolkit,SKIPPED,2026-06-07T06:47:39.546736+00:00,"Deletion not attempted: no delete-capable GitHub CLI, token, or connector tool is available in this workspace."
Git-Hub-Actions-runner-images,https://github.com/Ibraheemolasupogit/Git-Hub-Actions-runner-images,SKIPPED,2026-06-07T06:47:39.546736+00:00,"Deletion not attempted: no delete-capable GitHub CLI, token, or connector tool is available in this workspace."
Git-Hub-Actions-upload-artifact,https://github.com/Ibraheemolasupogit/Git-Hub-Actions-upload-artifact,SKIPPED,2026-06-07T06:47:39.546736+00:00,"Deletion not attempted: no delete-capable GitHub CLI, token, or connector tool is available in this workspace."
GitHub-actions-checkout,https://github.com/Ibraheemolasupogit/GitHub-actions-checkout,SKIPPED,2026-06-07T06:47:39.546736+00:00,"Deletion not attempted: no delete-capable GitHub CLI, token, or connector tool is available in this workspace."
GitHub-Actions-setup-node,https://github.com/Ibraheemolasupogit/GitHub-Actions-setup-node,SKIPPED,2026-06-07T06:47:39.546736+00:00,"Deletion not attempted: no delete-capable GitHub CLI, token, or connector tool is available in this workspace."
GitHub-actions-starter-workflows,https://github.com/Ibraheemolasupogit/GitHub-actions-starter-workflows,SKIPPED,2026-06-07T06:47:39.546736+00:00,"Deletion not attempted: no delete-capable GitHub CLI, token, or connector tool is available in this workspace."
google-cloud-certifications,https://github.com/Ibraheemolasupogit/google-cloud-certifications,SKIPPED,2026-06-07T06:47:39.546736+00:00,"Deletion not attempted: no delete-capable GitHub CLI, token, or connector tool is available in this workspace."
GoogleCloudSkillsboost,https://github.com/Ibraheemolasupogit/GoogleCloudSkillsboost,SKIPPED,2026-06-07T06:47:39.546736+00:00,"Deletion not attempted: no delete-capable GitHub CLI, token, or connector tool is available in this workspace."
Guide-on-making-contribution,https://github.com/Ibraheemolasupogit/Guide-on-making-contribution,SKIPPED,2026-06-07T06:47:39.546736+00:00,"Deletion not attempted: no delete-capable GitHub CLI, token, or connector tool is available in this workspace."
Gurobi-Modeling-examples,https://github.com/Ibraheemolasupogit/Gurobi-Modeling-examples,SKIPPED,2026-06-07T06:47:39.546736+00:00,"Deletion not attempted: no delete-capable GitHub CLI, token, or connector tool is available in this workspace."
GurobiExamples,https://github.com/Ibraheemolasupogit/GurobiExamples,SKIPPED,2026-06-07T06:47:39.546736+00:00,"Deletion not attempted: no delete-capable GitHub CLI, token, or connector tool is available in this workspace."
Health-Data-and-AI-Blueprint,https://github.com/Ibraheemolasupogit/Health-Data-and-AI-Blueprint,SKIPPED,2026-06-07T06:47:39.546736+00:00,"Deletion not attempted: no delete-capable GitHub CLI, token, or connector tool is available in this workspace."
hello-github-actions_GitHub_MS,https://github.com/Ibraheemolasupogit/hello-github-actions_GitHub_MS,SKIPPED,2026-06-07T06:47:39.546736+00:00,"Deletion not attempted: no delete-capable GitHub CLI, token, or connector tool is available in this workspace."
hive,https://github.com/Ibraheemolasupogit/hive,SKIPPED,2026-06-07T06:47:39.546736+00:00,"Deletion not attempted: no delete-capable GitHub CLI, token, or connector tool is available in this workspace."
House-Prices-Advanced-Regression-Techniques-Kaggle,https://github.com/Ibraheemolasupogit/House-Prices-Advanced-Regression-Techniques-Kaggle,SKIPPED,2026-06-07T06:47:39.546736+00:00,"Deletion not attempted: no delete-capable GitHub CLI, token, or connector tool is available in this workspace."
implement-column-level-encryption-in-amazon-redshift-with-aws-glue-and-aws-lambda-udf,https://github.com/Ibraheemolasupogit/implement-column-level-encryption-in-amazon-redshift-with-aws-glue-and-aws-lambda-udf,SKIPPED,2026-06-07T06:47:39.546736+00:00,"Deletion not attempted: no delete-capable GitHub CLI, token, or connector tool is available in this workspace."
implement-security-through-pipeline-using-devops,https://github.com/Ibraheemolasupogit/implement-security-through-pipeline-using-devops,SKIPPED,2026-06-07T06:47:39.546736+00:00,"Deletion not attempted: no delete-capable GitHub CLI, token, or connector tool is available in this workspace."
introduction-to-github,https://github.com/Ibraheemolasupogit/introduction-to-github,SKIPPED,2026-06-07T06:47:39.546736+00:00,"Deletion not attempted: no delete-capable GitHub CLI, token, or connector tool is available in this workspace."
JetStream,https://github.com/Ibraheemolasupogit/JetStream,SKIPPED,2026-06-07T06:47:39.546736+00:00,"Deletion not attempted: no delete-capable GitHub CLI, token, or connector tool is available in this workspace."
kafka-tutorials,https://github.com/Ibraheemolasupogit/kafka-tutorials,SKIPPED,2026-06-07T06:47:39.546736+00:00,"Deletion not attempted: no delete-capable GitHub CLI, token, or connector tool is available in this workspace."
kops,https://github.com/Ibraheemolasupogit/kops,SKIPPED,2026-06-07T06:47:39.546736+00:00,"Deletion not attempted: no delete-capable GitHub CLI, token, or connector tool is available in this workspace."
kubeflow-gke-docs,https://github.com/Ibraheemolasupogit/kubeflow-gke-docs,SKIPPED,2026-06-07T06:47:39.546736+00:00,"Deletion not attempted: no delete-capable GitHub CLI, token, or connector tool is available in this workspace."
kubernetes,https://github.com/Ibraheemolasupogit/kubernetes,SKIPPED,2026-06-07T06:47:39.546736+00:00,"Deletion not attempted: no delete-capable GitHub CLI, token, or connector tool is available in this workspace."
kubernetes-engine-samples,https://github.com/Ibraheemolasupogit/kubernetes-engine-samples,SKIPPED,2026-06-07T06:47:39.546736+00:00,"Deletion not attempted: no delete-capable GitHub CLI, token, or connector tool is available in this workspace."
labs-ai-tools-for-devs,https://github.com/Ibraheemolasupogit/labs-ai-tools-for-devs,SKIPPED,2026-06-07T06:47:39.546736+00:00,"Deletion not attempted: no delete-capable GitHub CLI, token, or connector tool is available in this workspace."
langchain,https://github.com/Ibraheemolasupogit/langchain,SKIPPED,2026-06-07T06:47:39.546736+00:00,"Deletion not attempted: no delete-capable GitHub CLI, token, or connector tool is available in this workspace."
langflow,https://github.com/Ibraheemolasupogit/langflow,SKIPPED,2026-06-07T06:47:39.546736+00:00,"Deletion not attempted: no delete-capable GitHub CLI, token, or connector tool is available in this workspace."
langgraph,https://github.com/Ibraheemolasupogit/langgraph,SKIPPED,2026-06-07T06:47:39.546736+00:00,"Deletion not attempted: no delete-capable GitHub CLI, token, or connector tool is available in this workspace."
lda-NLP,https://github.com/Ibraheemolasupogit/lda-NLP,SKIPPED,2026-06-07T06:47:39.546736+00:00,"Deletion not attempted: no delete-capable GitHub CLI, token, or connector tool is available in this workspace."
Loan-prediction-using-Machine-Learning-and-Python,https://github.com/Ibraheemolasupogit/Loan-prediction-using-Machine-Learning-and-Python,SKIPPED,2026-06-07T06:47:39.546736+00:00,"Deletion not attempted: no delete-capable GitHub CLI, token, or connector tool is available in this workspace."
login-action,https://github.com/Ibraheemolasupogit/login-action,SKIPPED,2026-06-07T06:47:39.546736+00:00,"Deletion not attempted: no delete-capable GitHub CLI, token, or connector tool is available in this workspace."
MachineLearningNotebooks,https://github.com/Ibraheemolasupogit/MachineLearningNotebooks,SKIPPED,2026-06-07T06:47:39.546736+00:00,"Deletion not attempted: no delete-capable GitHub CLI, token, or connector tool is available in this workspace."
MachineLearningSamples-PredictiveMaintenance,https://github.com/Ibraheemolasupogit/MachineLearningSamples-PredictiveMaintenance,SKIPPED,2026-06-07T06:47:39.546736+00:00,"Deletion not attempted: no delete-capable GitHub CLI, token, or connector tool is available in this workspace."
MB-800-Business-Central-Functional-Consultant,https://github.com/Ibraheemolasupogit/MB-800-Business-Central-Functional-Consultant,SKIPPED,2026-06-07T06:47:39.546736+00:00,"Deletion not attempted: no delete-capable GitHub CLI, token, or connector tool is available in this workspace."
MD-102T00-Microsoft-365-Endpoint-Administrator,https://github.com/Ibraheemolasupogit/MD-102T00-Microsoft-365-Endpoint-Administrator,SKIPPED,2026-06-07T06:47:39.546736+00:00,"Deletion not attempted: no delete-capable GitHub CLI, token, or connector tool is available in this workspace."
MetaGPT,https://github.com/Ibraheemolasupogit/MetaGPT,SKIPPED,2026-06-07T06:47:39.546736+00:00,"Deletion not attempted: no delete-capable GitHub CLI, token, or connector tool is available in this workspace."
Microsoft-Courses,https://github.com/Ibraheemolasupogit/Microsoft-Courses,SKIPPED,2026-06-07T06:47:39.546736+00:00,"Deletion not attempted: no delete-capable GitHub CLI, token, or connector tool is available in this workspace."
Microsoft-Fabric-project-by-Microsoft,https://github.com/Ibraheemolasupogit/Microsoft-Fabric-project-by-Microsoft,SKIPPED,2026-06-07T06:47:39.546736+00:00,"Deletion not attempted: no delete-capable GitHub CLI, token, or connector tool is available in this workspace."
Microsoft-SQL-Server-Documentations,https://github.com/Ibraheemolasupogit/Microsoft-SQL-Server-Documentations,SKIPPED,2026-06-07T06:47:39.546736+00:00,"Deletion not attempted: no delete-capable GitHub CLI, token, or connector tool is available in this workspace."
ML-For-Beginners,https://github.com/Ibraheemolasupogit/ML-For-Beginners,SKIPPED,2026-06-07T06:47:39.546736+00:00,"Deletion not attempted: no delete-capable GitHub CLI, token, or connector tool is available in this workspace."
ml-on-gcp,https://github.com/Ibraheemolasupogit/ml-on-gcp,SKIPPED,2026-06-07T06:47:39.546736+00:00,"Deletion not attempted: no delete-capable GitHub CLI, token, or connector tool is available in this workspace."
MLOps-model-deployment-GCP,https://github.com/Ibraheemolasupogit/MLOps-model-deployment-GCP,SKIPPED,2026-06-07T06:47:39.546736+00:00,"Deletion not attempted: no delete-capable GitHub CLI, token, or connector tool is available in this workspace."
mlops-stacks,https://github.com/Ibraheemolasupogit/mlops-stacks,SKIPPED,2026-06-07T06:47:39.546736+00:00,"Deletion not attempted: no delete-capable GitHub CLI, token, or connector tool is available in this workspace."
mlops-templates,https://github.com/Ibraheemolasupogit/mlops-templates,SKIPPED,2026-06-07T06:47:39.546736+00:00,"Deletion not attempted: no delete-capable GitHub CLI, token, or connector tool is available in this workspace."
MLOps-v2,https://github.com/Ibraheemolasupogit/MLOps-v2,SKIPPED,2026-06-07T06:47:39.546736+00:00,"Deletion not attempted: no delete-capable GitHub CLI, token, or connector tool is available in this workspace."
mlops-with-vertex-ai,https://github.com/Ibraheemolasupogit/mlops-with-vertex-ai,SKIPPED,2026-06-07T06:47:39.546736+00:00,"Deletion not attempted: no delete-capable GitHub CLI, token, or connector tool is available in this workspace."
mlsecops,https://github.com/Ibraheemolasupogit/mlsecops,SKIPPED,2026-06-07T06:47:39.546736+00:00,"Deletion not attempted: no delete-capable GitHub CLI, token, or connector tool is available in this workspace."
MS-102T00-Microsoft-365-Administrator-Essentials,https://github.com/Ibraheemolasupogit/MS-102T00-Microsoft-365-Administrator-Essentials,SKIPPED,2026-06-07T06:47:39.546736+00:00,"Deletion not attempted: no delete-capable GitHub CLI, token, or connector tool is available in this workspace."
MS-4002-Prepare-security-and-compliance-to-support-Microsoft-365-Copilot,https://github.com/Ibraheemolasupogit/MS-4002-Prepare-security-and-compliance-to-support-Microsoft-365-Copilot,SKIPPED,2026-06-07T06:47:39.546736+00:00,"Deletion not attempted: no delete-capable GitHub CLI, token, or connector tool is available in this workspace."
MS-4010-Extend-Microsoft365-Copilot-declarative-agents-VS-Code,https://github.com/Ibraheemolasupogit/MS-4010-Extend-Microsoft365-Copilot-declarative-agents-VS-Code,SKIPPED,2026-06-07T06:47:39.546736+00:00,"Deletion not attempted: no delete-capable GitHub CLI, token, or connector tool is available in this workspace."
MS-700-Managing-Microsoft-Teams,https://github.com/Ibraheemolasupogit/MS-700-Managing-Microsoft-Teams,SKIPPED,2026-06-07T06:47:39.546736+00:00,"Deletion not attempted: no delete-capable GitHub CLI, token, or connector tool is available in this workspace."
MS-900T01-Microsoft-365-Fundamentals,https://github.com/Ibraheemolasupogit/MS-900T01-Microsoft-365-Fundamentals,SKIPPED,2026-06-07T06:47:39.546736+00:00,"Deletion not attempted: no delete-capable GitHub CLI, token, or connector tool is available in this workspace."
MS-Fabric-Essentials-Workshop,https://github.com/Ibraheemolasupogit/MS-Fabric-Essentials-Workshop,SKIPPED,2026-06-07T06:47:39.546736+00:00,"Deletion not attempted: no delete-capable GitHub CLI, token, or connector tool is available in this workspace."
mslearn-ai-document-intelligence-102,https://github.com/Ibraheemolasupogit/mslearn-ai-document-intelligence-102,SKIPPED,2026-06-07T06:47:39.546736+00:00,"Deletion not attempted: no delete-capable GitHub CLI, token, or connector tool is available in this workspace."
mslearn-ai-fundamentals-AI-900T00-A-Introduction-to-AI-in-Azure,https://github.com/Ibraheemolasupogit/mslearn-ai-fundamentals-AI-900T00-A-Introduction-to-AI-in-Azure,SKIPPED,2026-06-07T06:47:39.546736+00:00,"Deletion not attempted: no delete-capable GitHub CLI, token, or connector tool is available in this workspace."
mslearn-ai-semantic-kernel,https://github.com/Ibraheemolasupogit/mslearn-ai-semantic-kernel,SKIPPED,2026-06-07T06:47:39.546736+00:00,"Deletion not attempted: no delete-capable GitHub CLI, token, or connector tool is available in this workspace."
mslearn-ai-services-102,https://github.com/Ibraheemolasupogit/mslearn-ai-services-102,SKIPPED,2026-06-07T06:47:39.546736+00:00,"Deletion not attempted: no delete-capable GitHub CLI, token, or connector tool is available in this workspace."
mslearn-aspnet-api-ASP-CoreWeb,https://github.com/Ibraheemolasupogit/mslearn-aspnet-api-ASP-CoreWeb,SKIPPED,2026-06-07T06:47:39.546736+00:00,"Deletion not attempted: no delete-capable GitHub CLI, token, or connector tool is available in this workspace."
mslearn-azure-developer-204,https://github.com/Ibraheemolasupogit/mslearn-azure-developer-204,SKIPPED,2026-06-07T06:47:39.546736+00:00,"Deletion not attempted: no delete-capable GitHub CLI, token, or connector tool is available in this workspace."
mslearn-copilot-Work-smarter-with-AI-using-Microsoft-Copilot-AI-3025,https://github.com/Ibraheemolasupogit/mslearn-copilot-Work-smarter-with-AI-using-Microsoft-Copilot-AI-3025,SKIPPED,2026-06-07T06:47:39.546736+00:00,"Deletion not attempted: no delete-capable GitHub CLI, token, or connector tool is available in this workspace."
mslearn-copilotstudio-copilot,https://github.com/Ibraheemolasupogit/mslearn-copilotstudio-copilot,SKIPPED,2026-06-07T06:47:39.546736+00:00,"Deletion not attempted: no delete-capable GitHub CLI, token, or connector tool is available in this workspace."
mslearn-develop-oop-csharp,https://github.com/Ibraheemolasupogit/mslearn-develop-oop-csharp,SKIPPED,2026-06-07T06:47:39.546736+00:00,"Deletion not attempted: no delete-capable GitHub CLI, token, or connector tool is available in this workspace."
mslearn-github-copilot-dev-Accelerate,https://github.com/Ibraheemolasupogit/mslearn-github-copilot-dev-Accelerate,SKIPPED,2026-06-07T06:47:39.546736+00:00,"Deletion not attempted: no delete-capable GitHub CLI, token, or connector tool is available in this workspace."
mslearn-github-GH-900-100-200-300-500,https://github.com/Ibraheemolasupogit/mslearn-github-GH-900-100-200-300-500,SKIPPED,2026-06-07T06:47:39.546736+00:00,"Deletion not attempted: no delete-capable GitHub CLI, token, or connector tool is available in this workspace."
mslearn-mlops_AI-300,https://github.com/Ibraheemolasupogit/mslearn-mlops_AI-300,SKIPPED,2026-06-07T06:47:39.546736+00:00,"Deletion not attempted: no delete-capable GitHub CLI, token, or connector tool is available in this workspace."
mslearn-openai-AI-102,https://github.com/Ibraheemolasupogit/mslearn-openai-AI-102,SKIPPED,2026-06-07T06:47:39.546736+00:00,"Deletion not attempted: no delete-capable GitHub CLI, token, or connector tool is available in this workspace."
mslearn-postgresql,https://github.com/Ibraheemolasupogit/mslearn-postgresql,SKIPPED,2026-06-07T06:47:39.546736+00:00,"Deletion not attempted: no delete-capable GitHub CLI, token, or connector tool is available in this workspace."
mslearn-sql-dev,https://github.com/Ibraheemolasupogit/mslearn-sql-dev,SKIPPED,2026-06-07T06:47:39.546736+00:00,"Deletion not attempted: no delete-capable GitHub CLI, token, or connector tool is available in this workspace."
mslearn-sql-developer-DP-800,https://github.com/Ibraheemolasupogit/mslearn-sql-developer-DP-800,SKIPPED,2026-06-07T06:47:39.546736+00:00,"Deletion not attempted: no delete-capable GitHub CLI, token, or connector tool is available in this workspace."
mslearn-sql-migration-DP-3001-Migrate-SQL-Server-workload-to-Azure-SQL,https://github.com/Ibraheemolasupogit/mslearn-sql-migration-DP-3001-Migrate-SQL-Server-workload-to-Azure-SQL,SKIPPED,2026-06-07T06:47:39.546736+00:00,"Deletion not attempted: no delete-capable GitHub CLI, token, or connector tool is available in this workspace."
Multi-Agent-Custom-Automation-Engine-Solution-Accelerator,https://github.com/Ibraheemolasupogit/Multi-Agent-Custom-Automation-Engine-Solution-Accelerator,SKIPPED,2026-06-07T06:47:39.546736+00:00,"Deletion not attempted: no delete-capable GitHub CLI, token, or connector tool is available in this workspace."
Multi-Agent-Trip-Planning-System-google-adk-workflows,https://github.com/Ibraheemolasupogit/Multi-Agent-Trip-Planning-System-google-adk-workflows,SKIPPED,2026-06-07T06:47:39.546736+00:00,"Deletion not attempted: no delete-capable GitHub CLI, token, or connector tool is available in this workspace."
nanoVLM,https://github.com/Ibraheemolasupogit/nanoVLM,SKIPPED,2026-06-07T06:47:39.546736+00:00,"Deletion not attempted: no delete-capable GitHub CLI, token, or connector tool is available in this workspace."
NeMo-Guardrails,https://github.com/Ibraheemolasupogit/NeMo-Guardrails,SKIPPED,2026-06-07T06:47:39.546736+00:00,"Deletion not attempted: no delete-capable GitHub CLI, token, or connector tool is available in this workspace."
NHS-commercial-data-healthcare-predictions,https://github.com/Ibraheemolasupogit/NHS-commercial-data-healthcare-predictions,SKIPPED,2026-06-07T06:47:39.546736+00:00,"Deletion not attempted: no delete-capable GitHub CLI, token, or connector tool is available in this workspace."
NHS-DNAproject-showupforhealth,https://github.com/Ibraheemolasupogit/NHS-DNAproject-showupforhealth,SKIPPED,2026-06-07T06:47:39.546736+00:00,"Deletion not attempted: no delete-capable GitHub CLI, token, or connector tool is available in this workspace."
NHS-GeneralPracticePatientSurvey,https://github.com/Ibraheemolasupogit/NHS-GeneralPracticePatientSurvey,SKIPPED,2026-06-07T06:47:39.546736+00:00,"Deletion not attempted: no delete-capable GitHub CLI, token, or connector tool is available in this workspace."
nhs-r-community,https://github.com/Ibraheemolasupogit/nhs-r-community,SKIPPED,2026-06-07T06:47:39.546736+00:00,"Deletion not attempted: no delete-capable GitHub CLI, token, or connector tool is available in this workspace."
NHS-skunkworks,https://github.com/Ibraheemolasupogit/NHS-skunkworks,SKIPPED,2026-06-07T06:47:39.546736+00:00,"Deletion not attempted: no delete-capable GitHub CLI, token, or connector tool is available in this workspace."
NHSR-way,https://github.com/Ibraheemolasupogit/NHSR-way,SKIPPED,2026-06-07T06:47:39.546736+00:00,"Deletion not attempted: no delete-capable GitHub CLI, token, or connector tool is available in this workspace."
NHSRwaitinglist,https://github.com/Ibraheemolasupogit/NHSRwaitinglist,SKIPPED,2026-06-07T06:47:39.546736+00:00,"Deletion not attempted: no delete-capable GitHub CLI, token, or connector tool is available in this workspace."
nhsx-internship-projects,https://github.com/Ibraheemolasupogit/nhsx-internship-projects,SKIPPED,2026-06-07T06:47:39.546736+00:00,"Deletion not attempted: no delete-capable GitHub CLI, token, or connector tool is available in this workspace."
nltk,https://github.com/Ibraheemolasupogit/nltk,SKIPPED,2026-06-07T06:47:39.546736+00:00,"Deletion not attempted: no delete-capable GitHub CLI, token, or connector tool is available in this workspace."
online_payment_fraud,https://github.com/Ibraheemolasupogit/online_payment_fraud,SKIPPED,2026-06-07T06:47:39.546736+00:00,"Deletion not attempted: no delete-capable GitHub CLI, token, or connector tool is available in this workspace."
open-optimization-or-examples,https://github.com/Ibraheemolasupogit/open-optimization-or-examples,SKIPPED,2026-06-07T06:47:39.546736+00:00,"Deletion not attempted: no delete-capable GitHub CLI, token, or connector tool is available in this workspace."
openai-agents-python,https://github.com/Ibraheemolasupogit/openai-agents-python,SKIPPED,2026-06-07T06:47:39.546736+00:00,"Deletion not attempted: no delete-capable GitHub CLI, token, or connector tool is available in this workspace."
openai-vision,https://github.com/Ibraheemolasupogit/openai-vision,SKIPPED,2026-06-07T06:47:39.546736+00:00,"Deletion not attempted: no delete-capable GitHub CLI, token, or connector tool is available in this workspace."
OpenAIWorkshop,https://github.com/Ibraheemolasupogit/OpenAIWorkshop,SKIPPED,2026-06-07T06:47:39.546736+00:00,"Deletion not attempted: no delete-capable GitHub CLI, token, or connector tool is available in this workspace."
PL-200-Power-Platform-Functional-Consultant_Powerapps,https://github.com/Ibraheemolasupogit/PL-200-Power-Platform-Functional-Consultant_Powerapps,SKIPPED,2026-06-07T06:47:39.546736+00:00,"Deletion not attempted: no delete-capable GitHub CLI, token, or connector tool is available in this workspace."
PL-30-PL-300T00-A-Design-and-manage-analytics-solutions-using-Power-BI-DP-605T00,https://github.com/Ibraheemolasupogit/PL-30-PL-300T00-A-Design-and-manage-analytics-solutions-using-Power-BI-DP-605T00,SKIPPED,2026-06-07T06:47:39.546736+00:00,"Deletion not attempted: no delete-capable GitHub CLI, token, or connector tool is available in this workspace."
PL-400_Microsoft-Power-Platform-Developer,https://github.com/Ibraheemolasupogit/PL-400_Microsoft-Power-Platform-Developer,SKIPPED,2026-06-07T06:47:39.546736+00:00,"Deletion not attempted: no delete-capable GitHub CLI, token, or connector tool is available in this workspace."
PL-7001-Create-and-manage-canvas-apps-with-Power-Apps,https://github.com/Ibraheemolasupogit/PL-7001-Create-and-manage-canvas-apps-with-Power-Apps,SKIPPED,2026-06-07T06:47:39.546736+00:00,"Deletion not attempted: no delete-capable GitHub CLI, token, or connector tool is available in this workspace."
PL-7002-Create-and-Manage-Automated-Processes-by-using-Power-Automate,https://github.com/Ibraheemolasupogit/PL-7002-Create-and-Manage-Automated-Processes-by-using-Power-Automate,SKIPPED,2026-06-07T06:47:39.546736+00:00,"Deletion not attempted: no delete-capable GitHub CLI, token, or connector tool is available in this workspace."
PL-7003-Create-and-manage-model-driven-apps-with-Power-Apps-and-Dataverse,https://github.com/Ibraheemolasupogit/PL-7003-Create-and-manage-model-driven-apps-with-Power-Apps-and-Dataverse,SKIPPED,2026-06-07T06:47:39.546736+00:00,"Deletion not attempted: no delete-capable GitHub CLI, token, or connector tool is available in this workspace."
postgres,https://github.com/Ibraheemolasupogit/postgres,SKIPPED,2026-06-07T06:47:39.546736+00:00,"Deletion not attempted: no delete-capable GitHub CLI, token, or connector tool is available in this workspace."
power-grid-model,https://github.com/Ibraheemolasupogit/power-grid-model,SKIPPED,2026-06-07T06:47:39.546736+00:00,"Deletion not attempted: no delete-capable GitHub CLI, token, or connector tool is available in this workspace."
Power-system-stability-PSS-ML,https://github.com/Ibraheemolasupogit/Power-system-stability-PSS-ML,SKIPPED,2026-06-07T06:47:39.546736+00:00,"Deletion not attempted: no delete-capable GitHub CLI, token, or connector tool is available in this workspace."
PowerBI-connector,https://github.com/Ibraheemolasupogit/PowerBI-connector,SKIPPED,2026-06-07T06:47:39.546736+00:00,"Deletion not attempted: no delete-capable GitHub CLI, token, or connector tool is available in this workspace."
predict-customer-churn,https://github.com/Ibraheemolasupogit/predict-customer-churn,SKIPPED,2026-06-07T06:47:39.546736+00:00,"Deletion not attempted: no delete-capable GitHub CLI, token, or connector tool is available in this workspace."
Predictive-Maintenance-of-Aircraft-Engine,https://github.com/Ibraheemolasupogit/Predictive-Maintenance-of-Aircraft-Engine,SKIPPED,2026-06-07T06:47:39.546736+00:00,"Deletion not attempted: no delete-capable GitHub CLI, token, or connector tool is available in this workspace."
predictive-maintenance-showcase,https://github.com/Ibraheemolasupogit/predictive-maintenance-showcase,SKIPPED,2026-06-07T06:47:39.546736+00:00,"Deletion not attempted: no delete-capable GitHub CLI, token, or connector tool is available in this workspace."
ProcessMining,https://github.com/Ibraheemolasupogit/ProcessMining,SKIPPED,2026-06-07T06:47:39.546736+00:00,"Deletion not attempted: no delete-capable GitHub CLI, token, or connector tool is available in this workspace."
prompt-flow-labs,https://github.com/Ibraheemolasupogit/prompt-flow-labs,SKIPPED,2026-06-07T06:47:39.546736+00:00,"Deletion not attempted: no delete-capable GitHub CLI, token, or connector tool is available in this workspace."
python-debugging-vscode,https://github.com/Ibraheemolasupogit/python-debugging-vscode,SKIPPED,2026-06-07T06:47:39.546736+00:00,"Deletion not attempted: no delete-capable GitHub CLI, token, or connector tool is available in this workspace."
pytorch-CycleGAN-and-pix2pix-GAN,https://github.com/Ibraheemolasupogit/pytorch-CycleGAN-and-pix2pix-GAN,SKIPPED,2026-06-07T06:47:39.546736+00:00,"Deletion not attempted: no delete-capable GitHub CLI, token, or connector tool is available in this workspace."
PyTorch-GAN,https://github.com/Ibraheemolasupogit/PyTorch-GAN,SKIPPED,2026-06-07T06:47:39.546736+00:00,"Deletion not attempted: no delete-capable GitHub CLI, token, or connector tool is available in this workspace."
pytorch-pretrained-BigGAN,https://github.com/Ibraheemolasupogit/pytorch-pretrained-BigGAN,SKIPPED,2026-06-07T06:47:39.546736+00:00,"Deletion not attempted: no delete-capable GitHub CLI, token, or connector tool is available in this workspace."
PyTorch-VAE,https://github.com/Ibraheemolasupogit/PyTorch-VAE,SKIPPED,2026-06-07T06:47:39.546736+00:00,"Deletion not attempted: no delete-capable GitHub CLI, token, or connector tool is available in this workspace."
ragflow,https://github.com/Ibraheemolasupogit/ragflow,SKIPPED,2026-06-07T06:47:39.546736+00:00,"Deletion not attempted: no delete-capable GitHub CLI, token, or connector tool is available in this workspace."
redbox,https://github.com/Ibraheemolasupogit/redbox,SKIPPED,2026-06-07T06:47:39.546736+00:00,"Deletion not attempted: no delete-capable GitHub CLI, token, or connector tool is available in this workspace."
sagemaker-ml-workflow-with-apache-airflow,https://github.com/Ibraheemolasupogit/sagemaker-ml-workflow-with-apache-airflow,SKIPPED,2026-06-07T06:47:39.546736+00:00,"Deletion not attempted: no delete-capable GitHub CLI, token, or connector tool is available in this workspace."
Sagemaker-studio-lab-examples-,https://github.com/Ibraheemolasupogit/Sagemaker-studio-lab-examples-,SKIPPED,2026-06-07T06:47:39.546736+00:00,"Deletion not attempted: no delete-capable GitHub CLI, token, or connector tool is available in this workspace."
sample-amazon-redshift-MCP-server,https://github.com/Ibraheemolasupogit/sample-amazon-redshift-MCP-server,SKIPPED,2026-06-07T06:47:39.546736+00:00,"Deletion not attempted: no delete-capable GitHub CLI, token, or connector tool is available in this workspace."
SC-100-Microsoft-Cybersecurity-Architect,https://github.com/Ibraheemolasupogit/SC-100-Microsoft-Cybersecurity-Architect,SKIPPED,2026-06-07T06:47:39.546736+00:00,"Deletion not attempted: no delete-capable GitHub CLI, token, or connector tool is available in this workspace."
SC-300-Identity-and-Access-Administrator,https://github.com/Ibraheemolasupogit/SC-300-Identity-and-Access-Administrator,SKIPPED,2026-06-07T06:47:39.546736+00:00,"Deletion not attempted: no delete-capable GitHub CLI, token, or connector tool is available in this workspace."
SC-401T00-Information-Security-Administrator,https://github.com/Ibraheemolasupogit/SC-401T00-Information-Security-Administrator,SKIPPED,2026-06-07T06:47:39.546736+00:00,"Deletion not attempted: no delete-capable GitHub CLI, token, or connector tool is available in this workspace."
SC-5003_Information-protection-and-Data-Loss-Prevention,https://github.com/Ibraheemolasupogit/SC-5003_Information-protection-and-Data-Loss-Prevention,SKIPPED,2026-06-07T06:47:39.546736+00:00,"Deletion not attempted: no delete-capable GitHub CLI, token, or connector tool is available in this workspace."
SC-5007-Implement-retention-eDiscovery-and-Communication-compliance-in-Microsoft-Purview,https://github.com/Ibraheemolasupogit/SC-5007-Implement-retention-eDiscovery-and-Communication-compliance-in-Microsoft-Purview,SKIPPED,2026-06-07T06:47:39.546736+00:00,"Deletion not attempted: no delete-capable GitHub CLI, token, or connector tool is available in this workspace."
SC-5008-Configure-and-manage-entitlement-with-Microsoft-Entra-ID,https://github.com/Ibraheemolasupogit/SC-5008-Configure-and-manage-entitlement-with-Microsoft-Entra-ID,SKIPPED,2026-06-07T06:47:39.546736+00:00,"Deletion not attempted: no delete-capable GitHub CLI, token, or connector tool is available in this workspace."
SC-900-Microsoft-Security-Compliance-and-Identity-Fundamentals,https://github.com/Ibraheemolasupogit/SC-900-Microsoft-Security-Compliance-and-Identity-Fundamentals,SKIPPED,2026-06-07T06:47:39.546736+00:00,"Deletion not attempted: no delete-capable GitHub CLI, token, or connector tool is available in this workspace."
scikit-learn,https://github.com/Ibraheemolasupogit/scikit-learn,SKIPPED,2026-06-07T06:47:39.546736+00:00,"Deletion not attempted: no delete-capable GitHub CLI, token, or connector tool is available in this workspace."
scikit-survival-Analysis,https://github.com/Ibraheemolasupogit/scikit-survival-Analysis,SKIPPED,2026-06-07T06:47:39.546736+00:00,"Deletion not attempted: no delete-capable GitHub CLI, token, or connector tool is available in this workspace."
scipy,https://github.com/Ibraheemolasupogit/scipy,SKIPPED,2026-06-07T06:47:39.546736+00:00,"Deletion not attempted: no delete-capable GitHub CLI, token, or connector tool is available in this workspace."
Secure-Azure-with-Microsoft-Defender-Cloud-Compliance-Controls,https://github.com/Ibraheemolasupogit/Secure-Azure-with-Microsoft-Defender-Cloud-Compliance-Controls,SKIPPED,2026-06-07T06:47:39.546736+00:00,"Deletion not attempted: no delete-capable GitHub CLI, token, or connector tool is available in this workspace."
Secure-storage-for-Azure-Files-and-Azure-Blob-Storage,https://github.com/Ibraheemolasupogit/Secure-storage-for-Azure-Files-and-Azure-Blob-Storage,SKIPPED,2026-06-07T06:47:39.546736+00:00,"Deletion not attempted: no delete-capable GitHub CLI, token, or connector tool is available in this workspace."
Security-Copilot,https://github.com/Ibraheemolasupogit/Security-Copilot,SKIPPED,2026-06-07T06:47:39.546736+00:00,"Deletion not attempted: no delete-capable GitHub CLI, token, or connector tool is available in this workspace."
sfquickstarts,https://github.com/Ibraheemolasupogit/sfquickstarts,SKIPPED,2026-06-07T06:47:39.546736+00:00,"Deletion not attempted: no delete-capable GitHub CLI, token, or connector tool is available in this workspace."
Simple-DevOps-Project,https://github.com/Ibraheemolasupogit/Simple-DevOps-Project,SKIPPED,2026-06-07T06:47:39.546736+00:00,"Deletion not attempted: no delete-capable GitHub CLI, token, or connector tool is available in this workspace."
skunkworks-adrenal-lesions-detection---computer-vision,https://github.com/Ibraheemolasupogit/skunkworks-adrenal-lesions-detection---computer-vision,SKIPPED,2026-06-07T06:47:39.546736+00:00,"Deletion not attempted: no delete-capable GitHub CLI, token, or connector tool is available in this workspace."
skunkworks-ambulance-queueing-prediction,https://github.com/Ibraheemolasupogit/skunkworks-ambulance-queueing-prediction,SKIPPED,2026-06-07T06:47:39.546736+00:00,"Deletion not attempted: no delete-capable GitHub CLI, token, or connector tool is available in this workspace."
skunkworks-bed-allocation,https://github.com/Ibraheemolasupogit/skunkworks-bed-allocation,SKIPPED,2026-06-07T06:47:39.546736+00:00,"Deletion not attempted: no delete-capable GitHub CLI, token, or connector tool is available in this workspace."
skunkworks-ct-alignment-lesion-detection-Computer-vision,https://github.com/Ibraheemolasupogit/skunkworks-ct-alignment-lesion-detection-Computer-vision,SKIPPED,2026-06-07T06:47:39.546736+00:00,"Deletion not attempted: no delete-capable GitHub CLI, token, or connector tool is available in this workspace."
skunkworks-data-lens,https://github.com/Ibraheemolasupogit/skunkworks-data-lens,SKIPPED,2026-06-07T06:47:39.546736+00:00,"Deletion not attempted: no delete-capable GitHub CLI, token, or connector tool is available in this workspace."
skunkworks-long-stayer-risk-stratification,https://github.com/Ibraheemolasupogit/skunkworks-long-stayer-risk-stratification,SKIPPED,2026-06-07T06:47:39.546736+00:00,"Deletion not attempted: no delete-capable GitHub CLI, token, or connector tool is available in this workspace."
skunkworks-long-stayer-risk-stratification-baseline,https://github.com/Ibraheemolasupogit/skunkworks-long-stayer-risk-stratification-baseline,SKIPPED,2026-06-07T06:47:39.546736+00:00,"Deletion not attempted: no delete-capable GitHub CLI, token, or connector tool is available in this workspace."
Smart-Change-Detection-in-Surveillance-Footage,https://github.com/Ibraheemolasupogit/Smart-Change-Detection-in-Surveillance-Footage,SKIPPED,2026-06-07T06:47:39.546736+00:00,"Deletion not attempted: no delete-capable GitHub CLI, token, or connector tool is available in this workspace."
snowflake-schemachange,https://github.com/Ibraheemolasupogit/snowflake-schemachange,SKIPPED,2026-06-07T06:47:39.546736+00:00,"Deletion not attempted: no delete-capable GitHub CLI, token, or connector tool is available in this workspace."
Snowflake-sfguide-getting-started-with-snowpark-for-machine-learning-on-azureml,https://github.com/Ibraheemolasupogit/Snowflake-sfguide-getting-started-with-snowpark-for-machine-learning-on-azureml,SKIPPED,2026-06-07T06:47:39.546736+00:00,"Deletion not attempted: no delete-capable GitHub CLI, token, or connector tool is available in this workspace."
spaCy,https://github.com/Ibraheemolasupogit/spaCy,SKIPPED,2026-06-07T06:47:39.546736+00:00,"Deletion not attempted: no delete-capable GitHub CLI, token, or connector tool is available in this workspace."
spark,https://github.com/Ibraheemolasupogit/spark,SKIPPED,2026-06-07T06:47:39.546736+00:00,"Deletion not attempted: no delete-capable GitHub CLI, token, or connector tool is available in this workspace."
storm,https://github.com/Ibraheemolasupogit/storm,SKIPPED,2026-06-07T06:47:39.546736+00:00,"Deletion not attempted: no delete-capable GitHub CLI, token, or connector tool is available in this workspace."
Structural-Topic-Modelling-for-NHS-survey-datastm-survey-text,https://github.com/Ibraheemolasupogit/Structural-Topic-Modelling-for-NHS-survey-datastm-survey-text,SKIPPED,2026-06-07T06:47:39.546736+00:00,"Deletion not attempted: no delete-capable GitHub CLI, token, or connector tool is available in this workspace."
SynthVAE,https://github.com/Ibraheemolasupogit/SynthVAE,SKIPPED,2026-06-07T06:47:39.546736+00:00,"Deletion not attempted: no delete-capable GitHub CLI, token, or connector tool is available in this workspace."
terraform-databricks-lakehouse-blueprints,https://github.com/Ibraheemolasupogit/terraform-databricks-lakehouse-blueprints,SKIPPED,2026-06-07T06:47:39.546736+00:00,"Deletion not attempted: no delete-capable GitHub CLI, token, or connector tool is available in this workspace."
terraform-provider-databricks,https://github.com/Ibraheemolasupogit/terraform-provider-databricks,SKIPPED,2026-06-07T06:47:39.546736+00:00,"Deletion not attempted: no delete-capable GitHub CLI, token, or connector tool is available in this workspace."
test-infra,https://github.com/Ibraheemolasupogit/test-infra,SKIPPED,2026-06-07T06:47:39.546736+00:00,"Deletion not attempted: no delete-capable GitHub CLI, token, or connector tool is available in this workspace."
the-gan-zoo-GAN,https://github.com/Ibraheemolasupogit/the-gan-zoo-GAN,SKIPPED,2026-06-07T06:47:39.546736+00:00,"Deletion not attempted: no delete-capable GitHub CLI, token, or connector tool is available in this workspace."
the-turing-way,https://github.com/Ibraheemolasupogit/the-turing-way,SKIPPED,2026-06-07T06:47:39.546736+00:00,"Deletion not attempted: no delete-capable GitHub CLI, token, or connector tool is available in this workspace."
ThePhish,https://github.com/Ibraheemolasupogit/ThePhish,SKIPPED,2026-06-07T06:47:39.546736+00:00,"Deletion not attempted: no delete-capable GitHub CLI, token, or connector tool is available in this workspace."
Time_Series_Forecasting_MS,https://github.com/Ibraheemolasupogit/Time_Series_Forecasting_MS,SKIPPED,2026-06-07T06:47:39.546736+00:00,"Deletion not attempted: no delete-capable GitHub CLI, token, or connector tool is available in this workspace."
Titanic-Dataset-Prediction,https://github.com/Ibraheemolasupogit/Titanic-Dataset-Prediction,SKIPPED,2026-06-07T06:47:39.546736+00:00,"Deletion not attempted: no delete-capable GitHub CLI, token, or connector tool is available in this workspace."
tnm-stage-classifier,https://github.com/Ibraheemolasupogit/tnm-stage-classifier,SKIPPED,2026-06-07T06:47:39.546736+00:00,"Deletion not attempted: no delete-capable GitHub CLI, token, or connector tool is available in this workspace."
training-data-analyst,https://github.com/Ibraheemolasupogit/training-data-analyst,SKIPPED,2026-06-07T06:47:39.546736+00:00,"Deletion not attempted: no delete-capable GitHub CLI, token, or connector tool is available in this workspace."
transaction-fraud-detection,https://github.com/Ibraheemolasupogit/transaction-fraud-detection,SKIPPED,2026-06-07T06:47:39.546736+00:00,"Deletion not attempted: no delete-capable GitHub CLI, token, or connector tool is available in this workspace."
transformers,https://github.com/Ibraheemolasupogit/transformers,SKIPPED,2026-06-07T06:47:39.546736+00:00,"Deletion not attempted: no delete-capable GitHub CLI, token, or connector tool is available in this workspace."
udemy-aws-de-labs,https://github.com/Ibraheemolasupogit/udemy-aws-de-labs,SKIPPED,2026-06-07T06:47:39.546736+00:00,"Deletion not attempted: no delete-capable GitHub CLI, token, or connector tool is available in this workspace."
UK-HDR-hackathon-projects-2025,https://github.com/Ibraheemolasupogit/UK-HDR-hackathon-projects-2025,SKIPPED,2026-06-07T06:47:39.546736+00:00,"Deletion not attempted: no delete-capable GitHub CLI, token, or connector tool is available in this workspace."
URLhaus,https://github.com/Ibraheemolasupogit/URLhaus,SKIPPED,2026-06-07T06:47:39.546736+00:00,"Deletion not attempted: no delete-capable GitHub CLI, token, or connector tool is available in this workspace."
using-bedrock-guardrails-with-bedrock-agents-to-improve-adversarial-robustness,https://github.com/Ibraheemolasupogit/using-bedrock-guardrails-with-bedrock-agents-to-improve-adversarial-robustness,SKIPPED,2026-06-07T06:47:39.546736+00:00,"Deletion not attempted: no delete-capable GitHub CLI, token, or connector tool is available in this workspace."
venice,https://github.com/Ibraheemolasupogit/venice,SKIPPED,2026-06-07T06:47:39.546736+00:00,"Deletion not attempted: no delete-capable GitHub CLI, token, or connector tool is available in this workspace."
vertex-ai-creative-studio,https://github.com/Ibraheemolasupogit/vertex-ai-creative-studio,SKIPPED,2026-06-07T06:47:39.546736+00:00,"Deletion not attempted: no delete-capable GitHub CLI, token, or connector tool is available in this workspace."
vertex-ai-samples,https://github.com/Ibraheemolasupogit/vertex-ai-samples,SKIPPED,2026-06-07T06:47:39.546736+00:00,"Deletion not attempted: no delete-capable GitHub CLI, token, or connector tool is available in this workspace."
vertex-pipelines-end-to-end-samples,https://github.com/Ibraheemolasupogit/vertex-pipelines-end-to-end-samples,SKIPPED,2026-06-07T06:47:39.546736+00:00,"Deletion not attempted: no delete-capable GitHub CLI, token, or connector tool is available in this workspace."
Vision-Language-Models-Overview,https://github.com/Ibraheemolasupogit/Vision-Language-Models-Overview,SKIPPED,2026-06-07T06:47:39.546736+00:00,"Deletion not attempted: no delete-capable GitHub CLI, token, or connector tool is available in this workspace."
vprofile-project,https://github.com/Ibraheemolasupogit/vprofile-project,SKIPPED,2026-06-07T06:47:39.546736+00:00,"Deletion not attempted: no delete-capable GitHub CLI, token, or connector tool is available in this workspace."
Vue.js-core,https://github.com/Ibraheemolasupogit/Vue.js-core,SKIPPED,2026-06-07T06:47:39.546736+00:00,"Deletion not attempted: no delete-capable GitHub CLI, token, or connector tool is available in this workspace."
website,https://github.com/Ibraheemolasupogit/website,SKIPPED,2026-06-07T06:47:39.546736+00:00,"Deletion not attempted: no delete-capable GitHub CLI, token, or connector tool is available in this workspace."
whylogs,https://github.com/Ibraheemolasupogit/whylogs,SKIPPED,2026-06-07T06:47:39.546736+00:00,"Deletion not attempted: no delete-capable GitHub CLI, token, or connector tool is available in this workspace."
