repository name,repository URL,upstream/original URL where available,last updated date,reason for deletion
A2A-MCP-ADK-Integration,https://github.com/Ibraheemolasupogit/A2A-MCP-ADK-Integration,https://github.com/Ashwinikumar1/A2A-MCP-ADK-Integration,2025-07-23T03:52:18Z,Final policy keeps only the 7 explicit forks; this fork is not listed in forks-to-keep-explicit.csv.
a2a-python,https://github.com/Ibraheemolasupogit/a2a-python,https://github.com/a2aproject/a2a-python,2025-07-23T03:53:11Z,Final policy keeps only the 7 explicit forks; this fork is not listed in forks-to-keep-explicit.csv.
a2a-samples,https://github.com/Ibraheemolasupogit/a2a-samples,https://github.com/a2aproject/a2a-samples,2025-07-23T03:51:20Z,Final policy keeps only the 7 explicit forks; this fork is not listed in forks-to-keep-explicit.csv.
ab-testing-at-edge,https://github.com/Ibraheemolasupogit/ab-testing-at-edge,https://github.com/aws-samples/ab-testing-at-edge,2025-07-23T06:48:54Z,Final policy keeps only the 7 explicit forks; this fork is not listed in forks-to-keep-explicit.csv.
academicpages.github.io,https://github.com/Ibraheemolasupogit/academicpages.github.io,https://github.com/academicpages/academicpages.github.io,2025-08-29T09:35:52Z,Final policy keeps only the 7 explicit forks; this fork is not listed in forks-to-keep-explicit.csv.
Academind-react-complete-guide-code,https://github.com/Ibraheemolasupogit/Academind-react-complete-guide-code,https://github.com/academind/react-complete-guide-code,2025-06-29T10:57:25Z,Final policy keeps only the 7 explicit forks; this fork is not listed in forks-to-keep-explicit.csv.
Accelerate-Agentic-AI-DW-200-Agentic,https://github.com/Ibraheemolasupogit/Accelerate-Agentic-AI-DW-200-Agentic,https://github.com/Cloud-Authority/Accelerate-Agentic-AI,2026-05-03T22:23:30Z,Final policy keeps only the 7 explicit forks; this fork is not listed in forks-to-keep-explicit.csv.
Accident-and-Emergency-A-E-Forecasting,https://github.com/Ibraheemolasupogit/Accident-and-Emergency-A-E-Forecasting,https://github.com/facebook/prophet,2025-06-30T14:59:41Z,Final policy keeps only the 7 explicit forks; this fork is not listed in forks-to-keep-explicit.csv.
agent-framework,https://github.com/Ibraheemolasupogit/agent-framework,https://github.com/microsoft/agent-framework,2025-10-10T07:39:15Z,Final policy keeps only the 7 explicit forks; this fork is not listed in forks-to-keep-explicit.csv.
agent-innovator-lab,https://github.com/Ibraheemolasupogit/agent-innovator-lab,https://github.com/Azure/agent-innovator-lab,2025-08-07T13:42:38Z,Final policy keeps only the 7 explicit forks; this fork is not listed in forks-to-keep-explicit.csv.
agentic-ai-lab-foundry,https://github.com/Ibraheemolasupogit/agentic-ai-lab-foundry,https://github.com/microsoft/agentic-ai-lab,2026-03-10T15:21:38Z,Final policy keeps only the 7 explicit forks; this fork is not listed in forks-to-keep-explicit.csv.
AI-102-AIEngineer,https://github.com/Ibraheemolasupogit/AI-102-AIEngineer,https://github.com/MicrosoftLearning/AI-102-AIEngineer,2025-07-29T23:02:10Z,Final policy keeps only the 7 explicit forks; this fork is not listed in forks-to-keep-explicit.csv.
ai-agents-for-beginners,https://github.com/Ibraheemolasupogit/ai-agents-for-beginners,https://github.com/microsoft/ai-agents-for-beginners,2025-08-07T13:37:35Z,Final policy keeps only the 7 explicit forks; this fork is not listed in forks-to-keep-explicit.csv.
AI-For-Beginners,https://github.com/Ibraheemolasupogit/AI-For-Beginners,https://github.com/microsoft/AI-For-Beginners,2025-08-13T17:30:23Z,Final policy keeps only the 7 explicit forks; this fork is not listed in forks-to-keep-explicit.csv.
ai-gov-uk-website,https://github.com/Ibraheemolasupogit/ai-gov-uk-website,https://github.com/i-dot-ai/ai-gov-uk-website-archive,2025-08-21T10:30:22Z,Final policy keeps only the 7 explicit forks; this fork is not listed in forks-to-keep-explicit.csv.
ai-infra-cluster-provisioning,https://github.com/Ibraheemolasupogit/ai-infra-cluster-provisioning,https://github.com/GoogleCloudPlatform/ai-infra-cluster-provisioning,2025-07-23T03:40:36Z,Final policy keeps only the 7 explicit forks; this fork is not listed in forks-to-keep-explicit.csv.
ai-platform-samples,https://github.com/Ibraheemolasupogit/ai-platform-samples,https://github.com/GoogleCloudPlatform/ai-platform-samples,2025-07-30T16:14:50Z,Final policy keeps only the 7 explicit forks; this fork is not listed in forks-to-keep-explicit.csv.
AI-PredictiveMaintenance,https://github.com/Ibraheemolasupogit/AI-PredictiveMaintenance,https://github.com/Azure/AI-PredictiveMaintenance,2025-07-22T15:09:29Z,Final policy keeps only the 7 explicit forks; this fork is not listed in forks-to-keep-explicit.csv.
Air-Passenger-Count-Prediction-Aircraft,https://github.com/Ibraheemolasupogit/Air-Passenger-Count-Prediction-Aircraft,https://github.com/ShravyaD-coder/Air-Passenger-Count-Prediction,2025-08-06T15:50:44Z,Final policy keeps only the 7 explicit forks; this fork is not listed in forks-to-keep-explicit.csv.
Air-traffic-atdelay-Aircraft,https://github.com/Ibraheemolasupogit/Air-traffic-atdelay-Aircraft,https://github.com/junzis/atdelay,2025-08-06T15:49:36Z,Final policy keeps only the 7 explicit forks; this fork is not listed in forks-to-keep-explicit.csv.
ALZ-Bicep,https://github.com/Ibraheemolasupogit/ALZ-Bicep,https://github.com/Azure/ALZ-Bicep,2025-08-22T21:44:36Z,Final policy keeps only the 7 explicit forks; this fork is not listed in forks-to-keep-explicit.csv.
amazon-bedrock-agents-healthcare-lifesciences,https://github.com/Ibraheemolasupogit/amazon-bedrock-agents-healthcare-lifesciences,https://github.com/aws-samples/amazon-bedrock-agents-healthcare-lifesciences,2025-07-11T10:00:13Z,Final policy keeps only the 7 explicit forks; this fork is not listed in forks-to-keep-explicit.csv.
amazon-bedrock-rag,https://github.com/Ibraheemolasupogit/amazon-bedrock-rag,https://github.com/aws-samples/amazon-bedrock-rag,2025-12-15T19:38:52Z,Final policy keeps only the 7 explicit forks; this fork is not listed in forks-to-keep-explicit.csv.
amazon-bedrock-samples,https://github.com/Ibraheemolasupogit/amazon-bedrock-samples,https://github.com/aws-samples/amazon-bedrock-samples,2025-07-11T10:07:21Z,Final policy keeps only the 7 explicit forks; this fork is not listed in forks-to-keep-explicit.csv.
amazon-codewhisperer-workshop,https://github.com/Ibraheemolasupogit/amazon-codewhisperer-workshop,https://github.com/aws-samples/amazon-codewhisperer-workshop,2025-07-20T04:51:26Z,Final policy keeps only the 7 explicit forks; this fork is not listed in forks-to-keep-explicit.csv.
amazon-dynamodb-labs,https://github.com/Ibraheemolasupogit/amazon-dynamodb-labs,https://github.com/aws-samples/amazon-dynamodb-labs,2025-07-10T02:01:59Z,Final policy keeps only the 7 explicit forks; this fork is not listed in forks-to-keep-explicit.csv.
amazon-ec2-nice-dcv-semiconductor-wafer-data_MATLAB,https://github.com/Ibraheemolasupogit/amazon-ec2-nice-dcv-semiconductor-wafer-data_MATLAB,https://github.com/aws-samples/amazon-ec2-nice-dcv-semiconductor-wafer-data,2025-07-23T22:38:20Z,Final policy keeps only the 7 explicit forks; this fork is not listed in forks-to-keep-explicit.csv.
amazon-mlops-example-tensorflow,https://github.com/Ibraheemolasupogit/amazon-mlops-example-tensorflow,https://github.com/aws-samples/amazon-mlops-example-tensorflow,2025-08-31T17:33:50Z,Final policy keeps only the 7 explicit forks; this fork is not listed in forks-to-keep-explicit.csv.
amazon-mwaa-examples,https://github.com/Ibraheemolasupogit/amazon-mwaa-examples,https://github.com/aws-samples/amazon-mwaa-examples,2025-07-09T11:38:15Z,Final policy keeps only the 7 explicit forks; this fork is not listed in forks-to-keep-explicit.csv.
amazon-nova-samples,https://github.com/Ibraheemolasupogit/amazon-nova-samples,https://github.com/aws-samples/amazon-nova-samples,2025-07-20T08:27:10Z,Final policy keeps only the 7 explicit forks; this fork is not listed in forks-to-keep-explicit.csv.
amazon-personalize-samples,https://github.com/Ibraheemolasupogit/amazon-personalize-samples,https://github.com/aws-samples/amazon-personalize-samples,2025-07-19T16:30:10Z,Final policy keeps only the 7 explicit forks; this fork is not listed in forks-to-keep-explicit.csv.
amazon-redshift-udfs,https://github.com/Ibraheemolasupogit/amazon-redshift-udfs,https://github.com/aws-samples/amazon-redshift-udfs,2025-07-20T19:31:25Z,Final policy keeps only the 7 explicit forks; this fork is not listed in forks-to-keep-explicit.csv.
amazon-rekognition-virtual-proctor,https://github.com/Ibraheemolasupogit/amazon-rekognition-virtual-proctor,https://github.com/aws-samples/amazon-rekognition-virtual-proctor,2025-07-19T16:09:24Z,Final policy keeps only the 7 explicit forks; this fork is not listed in forks-to-keep-explicit.csv.
amazon-sagemaker-ab-testing-pipeline,https://github.com/Ibraheemolasupogit/amazon-sagemaker-ab-testing-pipeline,https://github.com/aws-samples/amazon-sagemaker-ab-testing-pipeline,2025-07-23T06:49:18Z,Final policy keeps only the 7 explicit forks; this fork is not listed in forks-to-keep-explicit.csv.
amazon-sagemaker-examples,https://github.com/Ibraheemolasupogit/amazon-sagemaker-examples,https://github.com/aws/amazon-sagemaker-examples,2025-12-25T15:13:02Z,Final policy keeps only the 7 explicit forks; this fork is not listed in forks-to-keep-explicit.csv.
amazon-sagemaker-generativeai,https://github.com/Ibraheemolasupogit/amazon-sagemaker-generativeai,https://github.com/aws-samples/amazon-sagemaker-generativeai,2025-07-09T13:59:44Z,Final policy keeps only the 7 explicit forks; this fork is not listed in forks-to-keep-explicit.csv.
amazon-sagemaker-predictive-maintenance,https://github.com/Ibraheemolasupogit/amazon-sagemaker-predictive-maintenance,https://github.com/aws-samples/amazon-sagemaker-predictive-maintenance,2025-07-22T15:07:24Z,Final policy keeps only the 7 explicit forks; this fork is not listed in forks-to-keep-explicit.csv.
amazon-textract-textractor,https://github.com/Ibraheemolasupogit/amazon-textract-textractor,https://github.com/aws-samples/amazon-textract-textractor,2025-07-19T16:12:25Z,Final policy keeps only the 7 explicit forks; this fork is not listed in forks-to-keep-explicit.csv.
amazon-transcribe-live-call-analytics,https://github.com/Ibraheemolasupogit/amazon-transcribe-live-call-analytics,https://github.com/aws-samples/amazon-transcribe-live-call-analytics,2025-07-19T16:18:34Z,Final policy keeps only the 7 explicit forks; this fork is not listed in forks-to-keep-explicit.csv.
Amazon-Translate-document-translation,https://github.com/Ibraheemolasupogit/Amazon-Translate-document-translation,https://github.com/aws-samples/document-translation,2025-07-19T16:27:47Z,Final policy keeps only the 7 explicit forks; this fork is not listed in forks-to-keep-explicit.csv.
ambulance_response_times_and_handover_delays,https://github.com/Ibraheemolasupogit/ambulance_response_times_and_handover_delays,https://github.com/nhsengland/ambulance_response_times_and_handover_delays,2025-08-20T13:58:00Z,Final policy keeps only the 7 explicit forks; this fork is not listed in forks-to-keep-explicit.csv.
ambulance-DES,https://github.com/Ibraheemolasupogit/ambulance-DES,https://github.com/nhsx/ambulance-DES,2025-08-20T13:59:12Z,Final policy keeps only the 7 explicit forks; this fork is not listed in forks-to-keep-explicit.csv.
analytical-data-style-guide-SW,https://github.com/Ibraheemolasupogit/analytical-data-style-guide-SW,https://github.com/nhsengland/analytical-data-style-guide-SW,2025-08-20T13:54:43Z,Final policy keeps only the 7 explicit forks; this fork is not listed in forks-to-keep-explicit.csv.
ansible,https://github.com/Ibraheemolasupogit/ansible,https://github.com/Abdulexcel/ansible,2025-08-11T21:31:00Z,Final policy keeps only the 7 explicit forks; this fork is not listed in forks-to-keep-explicit.csv.
Apache-airflow,https://github.com/Ibraheemolasupogit/Apache-airflow,https://github.com/apache/airflow,2025-08-03T18:41:28Z,Final policy keeps only the 7 explicit forks; this fork is not listed in forks-to-keep-explicit.csv.
Apache-arrow,https://github.com/Ibraheemolasupogit/Apache-arrow,https://github.com/Salimahtechy/Apache-arrow,2025-08-08T18:31:59Z,Final policy keeps only the 7 explicit forks; this fork is not listed in forks-to-keep-explicit.csv.
Apache-flink,https://github.com/Ibraheemolasupogit/Apache-flink,https://github.com/Salimahtechy/flink,2025-08-07T16:22:07Z,Final policy keeps only the 7 explicit forks; this fork is not listed in forks-to-keep-explicit.csv.
Apache-hadoop,https://github.com/Ibraheemolasupogit/Apache-hadoop,https://github.com/apache/hadoop,2025-08-06T14:12:04Z,Final policy keeps only the 7 explicit forks; this fork is not listed in forks-to-keep-explicit.csv.
Apache-kafka,https://github.com/Ibraheemolasupogit/Apache-kafka,https://github.com/apache/kafka,2025-08-06T14:12:59Z,Final policy keeps only the 7 explicit forks; this fork is not listed in forks-to-keep-explicit.csv.
Apache-superset,https://github.com/Ibraheemolasupogit/Apache-superset,https://github.com/Salimahtechy/superset,2025-08-06T19:21:36Z,Final policy keeps only the 7 explicit forks; this fork is not listed in forks-to-keep-explicit.csv.
APL-2002-develop-aspnet-core-consumes-api,https://github.com/Ibraheemolasupogit/APL-2002-develop-aspnet-core-consumes-api,https://github.com/MicrosoftLearning/APL-2002-develop-aspnet-core-consumes-api,2025-11-23T17:12:18Z,Final policy keeps only the 7 explicit forks; this fork is not listed in forks-to-keep-explicit.csv.
AppliedNLPMaterial,https://github.com/Ibraheemolasupogit/AppliedNLPMaterial,https://github.com/DataScienceHamburg/AppliedNLPMaterial,2025-10-19T04:26:35Z,Final policy keeps only the 7 explicit forks; this fork is not listed in forks-to-keep-explicit.csv.
atomic-red-team,https://github.com/Ibraheemolasupogit/atomic-red-team,https://github.com/redcanaryco/atomic-red-team,2025-08-22T21:45:07Z,Final policy keeps only the 7 explicit forks; this fork is not listed in forks-to-keep-explicit.csv.
attendance_system,https://github.com/Ibraheemolasupogit/attendance_system,https://github.com/datascienceanywhere/attendance_system,2025-08-30T06:51:31Z,Final policy keeps only the 7 explicit forks; this fork is not listed in forks-to-keep-explicit.csv.
au-azure-databricks-cicd,https://github.com/Ibraheemolasupogit/au-azure-databricks-cicd,https://github.com/nhsx/au-azure-databricks-cicd,2025-08-04T11:34:36Z,Final policy keeps only the 7 explicit forks; this fork is not listed in forks-to-keep-explicit.csv.
autogen,https://github.com/Ibraheemolasupogit/autogen,https://github.com/microsoft/autogen,2025-07-31T18:04:03Z,Final policy keeps only the 7 explicit forks; this fork is not listed in forks-to-keep-explicit.csv.
autoscaler,https://github.com/Ibraheemolasupogit/autoscaler,https://github.com/kubernetes/autoscaler,2025-08-28T15:36:00Z,Final policy keeps only the 7 explicit forks; this fork is not listed in forks-to-keep-explicit.csv.
awesome-ai-agents,https://github.com/Ibraheemolasupogit/awesome-ai-agents,https://github.com/e2b-dev/awesome-ai-agents,2025-08-07T13:41:12Z,Final policy keeps only the 7 explicit forks; this fork is not listed in forks-to-keep-explicit.csv.
awesome-ml-for-cybersecurity,https://github.com/Ibraheemolasupogit/awesome-ml-for-cybersecurity,https://github.com/jivoi/awesome-ml-for-cybersecurity,2025-08-22T21:39:21Z,Final policy keeps only the 7 explicit forks; this fork is not listed in forks-to-keep-explicit.csv.
aws-fraud-detector-samples,https://github.com/Ibraheemolasupogit/aws-fraud-detector-samples,https://github.com/aws-samples/aws-fraud-detector-samples,2025-07-19T16:20:21Z,Final policy keeps only the 7 explicit forks; this fork is not listed in forks-to-keep-explicit.csv.
aws-lex-web-ui,https://github.com/Ibraheemolasupogit/aws-lex-web-ui,https://github.com/aws-samples/aws-lex-web-ui,2025-07-19T16:13:23Z,Final policy keeps only the 7 explicit forks; this fork is not listed in forks-to-keep-explicit.csv.
aws-machine-learning-university-accelerated-nlp,https://github.com/Ibraheemolasupogit/aws-machine-learning-university-accelerated-nlp,https://github.com/aws-samples/aws-machine-learning-university-accelerated-nlp,2025-07-20T01:16:13Z,Final policy keeps only the 7 explicit forks; this fork is not listed in forks-to-keep-explicit.csv.
aws-machine-learning-university-Decision-Trees-and-Ensemble-Methods-Class,https://github.com/Ibraheemolasupogit/aws-machine-learning-university-Decision-Trees-and-Ensemble-Methods-Class,https://github.com/aws-samples/aws-machine-learning-university-dte,2025-07-23T06:08:08Z,Final policy keeps only the 7 explicit forks; this fork is not listed in forks-to-keep-explicit.csv.
aws-saa-c03,https://github.com/Ibraheemolasupogit/aws-saa-c03,https://github.com/vicjor/aws-saa-c03,2025-07-09T11:02:07Z,Final policy keeps only the 7 explicit forks; this fork is not listed in forks-to-keep-explicit.csv.
aws-serverless-airline-booking,https://github.com/Ibraheemolasupogit/aws-serverless-airline-booking,https://github.com/aws-samples/aws-serverless-airline-booking,2025-08-06T14:15:25Z,Final policy keeps only the 7 explicit forks; this fork is not listed in forks-to-keep-explicit.csv.
aws-serverless-nlp-comprehend-using-aws-cdk,https://github.com/Ibraheemolasupogit/aws-serverless-nlp-comprehend-using-aws-cdk,https://github.com/aws-samples/aws-serverless-nlp-comprehend-using-aws-cdk,2025-07-19T16:26:29Z,Final policy keeps only the 7 explicit forks; this fork is not listed in forks-to-keep-explicit.csv.
AZ-1008-Administer-Active-Directory-Domain-Services,https://github.com/Ibraheemolasupogit/AZ-1008-Administer-Active-Directory-Domain-Services,https://github.com/MicrosoftLearning/AZ-1008-Administer-Active-Directory-Domain-Services,2025-11-04T15:47:20Z,Final policy keeps only the 7 explicit forks; this fork is not listed in forks-to-keep-explicit.csv.
AZ-104-MicrosoftAzureAdministrator,https://github.com/Ibraheemolasupogit/AZ-104-MicrosoftAzureAdministrator,https://github.com/MicrosoftLearning/AZ-104-MicrosoftAzureAdministrator,2025-06-30T11:07:55Z,Final policy keeps only the 7 explicit forks; this fork is not listed in forks-to-keep-explicit.csv.
az-2003-deploy-cloud-native-applications-using-azure-container-apps,https://github.com/Ibraheemolasupogit/az-2003-deploy-cloud-native-applications-using-azure-container-apps,https://github.com/MicrosoftLearning/az-2003-deploy-cloud-native-applications-using-azure-container-apps,2025-11-18T07:46:26Z,Final policy keeps only the 7 explicit forks; this fork is not listed in forks-to-keep-explicit.csv.
AZ-2006-automate-azure-loadtesting-github-actions,https://github.com/Ibraheemolasupogit/AZ-2006-automate-azure-loadtesting-github-actions,https://github.com/MicrosoftLearning/AZ-2006-automate-azure-loadtesting-github-actions,2025-07-13T09:26:47Z,Final policy keeps only the 7 explicit forks; this fork is not listed in forks-to-keep-explicit.csv.
AZ-2007-Accelerate-app-development-by-using-GitHub-Copilot,https://github.com/Ibraheemolasupogit/AZ-2007-Accelerate-app-development-by-using-GitHub-Copilot,https://github.com/MicrosoftLearning/AZ-2007-Accelerate-app-development-by-using-GitHub-Copilot,2025-07-13T09:23:53Z,Final policy keeps only the 7 explicit forks; this fork is not listed in forks-to-keep-explicit.csv.
AZ-204-DevelopingSolutionsforMicrosoftAzure-Devops-Prereq,https://github.com/Ibraheemolasupogit/AZ-204-DevelopingSolutionsforMicrosoftAzure-Devops-Prereq,https://github.com/MicrosoftLearning/AZ-204-DevelopingSolutionsforMicrosoftAzure,2025-08-19T10:18:36Z,Final policy keeps only the 7 explicit forks; this fork is not listed in forks-to-keep-explicit.csv.
az-204-examples,https://github.com/Ibraheemolasupogit/az-204-examples,https://github.com/iveylabs/az-204-examples,2026-01-18T08:04:43Z,Final policy keeps only the 7 explicit forks; this fork is not listed in forks-to-keep-explicit.csv.
AZ-305-DesigningMicrosoftAzureInfrastructureSolutions,https://github.com/Ibraheemolasupogit/AZ-305-DesigningMicrosoftAzureInfrastructureSolutions,https://github.com/MicrosoftLearning/AZ-305-DesigningMicrosoftAzureInfrastructureSolutions,2025-08-25T07:24:44Z,Final policy keeps only the 7 explicit forks; this fork is not listed in forks-to-keep-explicit.csv.
AZ-700-Designing-and-Implementing-Microsoft-Azure-Networking-Solutions,https://github.com/Ibraheemolasupogit/AZ-700-Designing-and-Implementing-Microsoft-Azure-Networking-Solutions,https://github.com/MicrosoftLearning/AZ-700-Designing-and-Implementing-Microsoft-Azure-Networking-Solutions,2025-09-13T04:36:00Z,Final policy keeps only the 7 explicit forks; this fork is not listed in forks-to-keep-explicit.csv.
AZ500-AzureSecurityTechnologies,https://github.com/Ibraheemolasupogit/AZ500-AzureSecurityTechnologies,https://github.com/MicrosoftLearning/AZ500-AzureSecurityTechnologies,2025-09-13T04:43:45Z,Final policy keeps only the 7 explicit forks; this fork is not listed in forks-to-keep-explicit.csv.
azure-ai-agent-lab,https://github.com/Ibraheemolasupogit/azure-ai-agent-lab,https://github.com/tayganr/azure-ai-agent-lab,2025-07-29T17:41:50Z,Final policy keeps only the 7 explicit forks; this fork is not listed in forks-to-keep-explicit.csv.
azure-ai-agents-labs-Agentic-RAG,https://github.com/Ibraheemolasupogit/azure-ai-agents-labs-Agentic-RAG,https://github.com/Azure/azure-ai-agents-labs,2025-12-02T12:35:26Z,Final policy keeps only the 7 explicit forks; this fork is not listed in forks-to-keep-explicit.csv.
azure-devops-mcp,https://github.com/Ibraheemolasupogit/azure-devops-mcp,https://github.com/microsoft/azure-devops-mcp,2025-07-29T22:57:19Z,Final policy keeps only the 7 explicit forks; this fork is not listed in forks-to-keep-explicit.csv.
Azure-load-testing,https://github.com/Ibraheemolasupogit/Azure-load-testing,https://github.com/Azure/load-testing,2025-07-24T07:57:57Z,Final policy keeps only the 7 explicit forks; this fork is not listed in forks-to-keep-explicit.csv.
Azure-Machine-Learning-Practice-GuidesML-Practice-Guides,https://github.com/Ibraheemolasupogit/Azure-Machine-Learning-Practice-GuidesML-Practice-Guides,https://github.com/nthacker/ML-Practice-Guides,2025-07-02T10:56:03Z,Final policy keeps only the 7 explicit forks; this fork is not listed in forks-to-keep-explicit.csv.
azure-monitor-baseline-alerts,https://github.com/Ibraheemolasupogit/azure-monitor-baseline-alerts,https://github.com/Azure/azure-monitor-baseline-alerts,2025-07-31T04:58:59Z,Final policy keeps only the 7 explicit forks; this fork is not listed in forks-to-keep-explicit.csv.
azure-powershell,https://github.com/Ibraheemolasupogit/azure-powershell,https://github.com/Azure/azure-powershell,2025-09-13T04:41:56Z,Final policy keeps only the 7 explicit forks; this fork is not listed in forks-to-keep-explicit.csv.
azure-search-knowledge-mining,https://github.com/Ibraheemolasupogit/azure-search-knowledge-mining,https://github.com/Azure-Samples/azure-search-knowledge-mining,2025-08-04T04:16:04Z,Final policy keeps only the 7 explicit forks; this fork is not listed in forks-to-keep-explicit.csv.
Azure-Sentinel,https://github.com/Ibraheemolasupogit/Azure-Sentinel,https://github.com/Azure/Azure-Sentinel,2025-08-25T06:19:28Z,Final policy keeps only the 7 explicit forks; this fork is not listed in forks-to-keep-explicit.csv.
azure-service-bus,https://github.com/Ibraheemolasupogit/azure-service-bus,https://github.com/Azure/azure-service-bus,2025-07-31T04:58:19Z,Final policy keeps only the 7 explicit forks; this fork is not listed in forks-to-keep-explicit.csv.
azure-service-bus-emulator-installer,https://github.com/Ibraheemolasupogit/azure-service-bus-emulator-installer,https://github.com/Azure/azure-service-bus-emulator-installer,2025-07-31T04:57:26Z,Final policy keeps only the 7 explicit forks; this fork is not listed in forks-to-keep-explicit.csv.
azureml-examples,https://github.com/Ibraheemolasupogit/azureml-examples,https://github.com/Azure/azureml-examples,2025-07-02T11:11:32Z,Final policy keeps only the 7 explicit forks; this fork is not listed in forks-to-keep-explicit.csv.
bedrock-access-gateway-API,https://github.com/Ibraheemolasupogit/bedrock-access-gateway-API,https://github.com/aws-samples/bedrock-access-gateway,2025-07-24T07:59:46Z,Final policy keeps only the 7 explicit forks; this fork is not listed in forks-to-keep-explicit.csv.
bedrock-engineer,https://github.com/Ibraheemolasupogit/bedrock-engineer,https://github.com/aws-samples/bedrock-engineer,2025-07-20T04:50:32Z,Final policy keeps only the 7 explicit forks; this fork is not listed in forks-to-keep-explicit.csv.
browser-use,https://github.com/Ibraheemolasupogit/browser-use,https://github.com/browser-use/browser-use,2025-08-13T17:11:08Z,Final policy keeps only the 7 explicit forks; this fork is not listed in forks-to-keep-explicit.csv.
build-push-action,https://github.com/Ibraheemolasupogit/build-push-action,https://github.com/docker/build-push-action,2025-08-19T21:15:14Z,Final policy keeps only the 7 explicit forks; this fork is not listed in forks-to-keep-explicit.csv.
Building-and-Deploying-Machine-Learning-Solutions-with-Vertex-AI-Challenge-Lab,https://github.com/Ibraheemolasupogit/Building-and-Deploying-Machine-Learning-Solutions-with-Vertex-AI-Challenge-Lab,https://github.com/DhruvChaurasia3418/Building-and-Deploying-Machine-Learning-Solutions-with-Vertex-AI-Challenge-Lab,2025-08-27T00:46:29Z,Final policy keeps only the 7 explicit forks; this fork is not listed in forks-to-keep-explicit.csv.
buildx,https://github.com/Ibraheemolasupogit/buildx,https://github.com/docker/buildx,2025-08-19T21:14:14Z,Final policy keeps only the 7 explicit forks; this fork is not listed in forks-to-keep-explicit.csv.
chocolate-ai,https://github.com/Ibraheemolasupogit/chocolate-ai,https://github.com/GoogleCloudPlatform/chocolate-ai,2025-07-23T03:57:45Z,Final policy keeps only the 7 explicit forks; this fork is not listed in forks-to-keep-explicit.csv.
clean-code-course-code,https://github.com/Ibraheemolasupogit/clean-code-course-code,https://github.com/academind/clean-code-course-code,2025-08-04T19:06:43Z,Final policy keeps only the 7 explicit forks; this fork is not listed in forks-to-keep-explicit.csv.
cli,https://github.com/Ibraheemolasupogit/cli,https://github.com/docker/cli,2025-08-19T21:12:16Z,Final policy keeps only the 7 explicit forks; this fork is not listed in forks-to-keep-explicit.csv.
clinical-risk-stratification,https://github.com/Ibraheemolasupogit/clinical-risk-stratification,https://github.com/AnthonyByansi/clinical-risk-stratification,2025-08-23T17:08:55Z,Final policy keeps only the 7 explicit forks; this fork is not listed in forks-to-keep-explicit.csv.
cloud-build-samples,https://github.com/Ibraheemolasupogit/cloud-build-samples,https://github.com/GoogleCloudPlatform/cloud-build-samples,2025-08-03T14:24:50Z,Final policy keeps only the 7 explicit forks; this fork is not listed in forks-to-keep-explicit.csv.
Co-Pilot-build-applications-w-copilot-agent-mode,https://github.com/Ibraheemolasupogit/Co-Pilot-build-applications-w-copilot-agent-mode,https://github.com/skills/build-applications-w-copilot-agent-mode,2025-07-01T10:57:36Z,Final policy keeps only the 7 explicit forks; this fork is not listed in forks-to-keep-explicit.csv.
code-contributions,https://github.com/Ibraheemolasupogit/code-contributions,https://github.com/Roshanjossey/code-contributions,2025-08-02T18:26:13Z,Final policy keeps only the 7 explicit forks; this fork is not listed in forks-to-keep-explicit.csv.
Cognitive-Services-Vision-Solution-Templates,https://github.com/Ibraheemolasupogit/Cognitive-Services-Vision-Solution-Templates,https://github.com/Azure-Samples/Cognitive-Services-Vision-Solution-Templates,2025-08-04T04:18:00Z,Final policy keeps only the 7 explicit forks; this fork is not listed in forks-to-keep-explicit.csv.
community,https://github.com/Ibraheemolasupogit/community,https://github.com/kubernetes/community,2025-08-28T15:36:21Z,Final policy keeps only the 7 explicit forks; this fork is not listed in forks-to-keep-explicit.csv.
compose,https://github.com/Ibraheemolasupogit/compose,https://github.com/docker/compose,2025-08-19T21:12:36Z,Final policy keeps only the 7 explicit forks; this fork is not listed in forks-to-keep-explicit.csv.
composer-airflow,https://github.com/Ibraheemolasupogit/composer-airflow,https://github.com/GoogleCloudPlatform/composer-airflow,2025-08-04T06:39:06Z,Final policy keeps only the 7 explicit forks; this fork is not listed in forks-to-keep-explicit.csv.
computer-vision-aws-machine-learning-university-accelerated-cv,https://github.com/Ibraheemolasupogit/computer-vision-aws-machine-learning-university-accelerated-cv,https://github.com/aws-samples/aws-machine-learning-university-accelerated-cv,2025-08-05T17:30:23Z,Final policy keeps only the 7 explicit forks; this fork is not listed in forks-to-keep-explicit.csv.
Configure-secure-access-to-workloads-with-Azure-virtual-networking-services,https://github.com/Ibraheemolasupogit/Configure-secure-access-to-workloads-with-Azure-virtual-networking-services,https://github.com/MicrosoftLearning/Configure-secure-access-to-workloads-with-Azure-virtual-networking-services,2025-11-02T18:43:55Z,Final policy keeps only the 7 explicit forks; this fork is not listed in forks-to-keep-explicit.csv.
configure-siem-security-operations-using-microsoft-sentinel,https://github.com/Ibraheemolasupogit/configure-siem-security-operations-using-microsoft-sentinel,https://github.com/MicrosoftLearning/configure-siem-security-operations-using-microsoft-sentinel,2025-08-26T08:25:50Z,Final policy keeps only the 7 explicit forks; this fork is not listed in forks-to-keep-explicit.csv.
configuring-qbusiness-with-idc-tti,https://github.com/Ibraheemolasupogit/configuring-qbusiness-with-idc-tti,https://github.com/aws-samples/configuring-qbusiness-with-idc-tti,2025-07-20T07:42:39Z,Final policy keeps only the 7 explicit forks; this fork is not listed in forks-to-keep-explicit.csv.
contoso-chat-csharp-prompty,https://github.com/Ibraheemolasupogit/contoso-chat-csharp-prompty,https://github.com/Azure-Samples/contoso-chat-csharp-prompty,2025-09-18T09:44:31Z,Final policy keeps only the 7 explicit forks; this fork is not listed in forks-to-keep-explicit.csv.
course-deep-learning-bootcamp,https://github.com/Ibraheemolasupogit/course-deep-learning-bootcamp,https://github.com/AISCIENCES/course-deep-learning-bootcamp,2025-08-04T21:11:28Z,Final policy keeps only the 7 explicit forks; this fork is not listed in forks-to-keep-explicit.csv.
course-master-big-data-with-pyspark-and-aws-Lex,https://github.com/Ibraheemolasupogit/course-master-big-data-with-pyspark-and-aws-Lex,https://github.com/AISCIENCES/course-master-big-data-with-pyspark-and-aws,2025-08-04T20:54:35Z,Final policy keeps only the 7 explicit forks; this fork is not listed in forks-to-keep-explicit.csv.
course-ml-projects,https://github.com/Ibraheemolasupogit/course-ml-projects,https://github.com/AISCIENCES/course-ml-projects,2025-08-04T21:03:24Z,Final policy keeps only the 7 explicit forks; this fork is not listed in forks-to-keep-explicit.csv.
course-pytorch,https://github.com/Ibraheemolasupogit/course-pytorch,https://github.com/AISCIENCES/course-pytorch,2025-08-04T20:50:39Z,Final policy keeps only the 7 explicit forks; this fork is not listed in forks-to-keep-explicit.csv.
Credit-Card-Application-Fraud-Analytics,https://github.com/Ibraheemolasupogit/Credit-Card-Application-Fraud-Analytics,https://github.com/ZhiyuZhang803/Credit-Card-Application-Fraud-Analytics,2025-09-01T05:40:04Z,Final policy keeps only the 7 explicit forks; this fork is not listed in forks-to-keep-explicit.csv.
Credit-card-approval-prediction-classification,https://github.com/Ibraheemolasupogit/Credit-card-approval-prediction-classification,https://github.com/semasuka/Credit-card-approval-prediction-classification,2025-09-01T04:56:25Z,Final policy keeps only the 7 explicit forks; this fork is not listed in forks-to-keep-explicit.csv.
Credit-Card-Fraud-Detection,https://github.com/Ibraheemolasupogit/Credit-Card-Fraud-Detection,https://github.com/sagnikghoshcr7/Credit-Card-Fraud-Detection,2025-09-01T05:07:40Z,Final policy keeps only the 7 explicit forks; this fork is not listed in forks-to-keep-explicit.csv.
Credit-Card-Fraud-Detection-using-Autoencoders-in-Keras,https://github.com/Ibraheemolasupogit/Credit-Card-Fraud-Detection-using-Autoencoders-in-Keras,https://github.com/curiousily/Credit-Card-Fraud-Detection-using-Autoencoders-in-Keras,2025-09-01T05:12:42Z,Final policy keeps only the 7 explicit forks; this fork is not listed in forks-to-keep-explicit.csv.
Credit-Risk-Modeling-End-to-End-Project,https://github.com/Ibraheemolasupogit/Credit-Risk-Modeling-End-to-End-Project,https://github.com/nafiul-araf/Credit-Risk-Modeling-End-to-End-Project,2025-09-01T04:30:26Z,Final policy keeps only the 7 explicit forks; this fork is not listed in forks-to-keep-explicit.csv.
crewAI,https://github.com/Ibraheemolasupogit/crewAI,https://github.com/crewAIInc/crewAI,2025-07-31T18:06:27Z,Final policy keeps only the 7 explicit forks; this fork is not listed in forks-to-keep-explicit.csv.
DALL-E,https://github.com/Ibraheemolasupogit/DALL-E,https://github.com/openai/DALL-E,2025-08-13T17:46:46Z,Final policy keeps only the 7 explicit forks; this fork is not listed in forks-to-keep-explicit.csv.
darkspace-Git-Hub-GH-900,https://github.com/Ibraheemolasupogit/darkspace-Git-Hub-GH-900,https://github.com/rob-foulkrod/darkspace,2026-04-14T16:06:05Z,Final policy keeps only the 7 explicit forks; this fork is not listed in forks-to-keep-explicit.csv.
data-analytics-golden-demo,https://github.com/Ibraheemolasupogit/data-analytics-golden-demo,https://github.com/GoogleCloudPlatform/data-analytics-golden-demo,2025-07-23T03:56:31Z,Final policy keeps only the 7 explicit forks; this fork is not listed in forks-to-keep-explicit.csv.
data-analytics-services,https://github.com/Ibraheemolasupogit/data-analytics-services,https://github.com/NHSDigital/data-analytics-services,2025-08-20T13:33:27Z,Final policy keeps only the 7 explicit forks; this fork is not listed in forks-to-keep-explicit.csv.
data-api-builder,https://github.com/Ibraheemolasupogit/data-api-builder,https://github.com/Azure/data-api-builder,2025-07-23T06:59:24Z,Final policy keeps only the 7 explicit forks; this fork is not listed in forks-to-keep-explicit.csv.
data-beans,https://github.com/Ibraheemolasupogit/data-beans,https://github.com/GoogleCloudPlatform/data-beans,2025-07-23T03:58:18Z,Final policy keeps only the 7 explicit forks; this fork is not listed in forks-to-keep-explicit.csv.
Data-pipeline-project,https://github.com/Ibraheemolasupogit/Data-pipeline-project,https://github.com/hiejulia/Data-pipeline-project,2026-01-20T03:26:43Z,Final policy keeps only the 7 explicit forks; this fork is not listed in forks-to-keep-explicit.csv.
Data-Science-For-Beginners,https://github.com/Ibraheemolasupogit/Data-Science-For-Beginners,https://github.com/microsoft/Data-Science-For-Beginners,2025-07-29T22:55:28Z,Final policy keeps only the 7 explicit forks; this fork is not listed in forks-to-keep-explicit.csv.
data-science-interviews,https://github.com/Ibraheemolasupogit/data-science-interviews,https://github.com/alexeygrigorev/data-science-interviews,2025-08-13T12:12:57Z,Final policy keeps only the 7 explicit forks; this fork is not listed in forks-to-keep-explicit.csv.
data-science-ipython-notebooks,https://github.com/Ibraheemolasupogit/data-science-ipython-notebooks,https://github.com/donnemartin/data-science-ipython-notebooks,2025-08-13T12:10:48Z,Final policy keeps only the 7 explicit forks; this fork is not listed in forks-to-keep-explicit.csv.
datascience,https://github.com/Ibraheemolasupogit/datascience,https://github.com/nhsengland/datascience,2025-08-20T13:31:15Z,Final policy keeps only the 7 explicit forks; this fork is not listed in forks-to-keep-explicit.csv.
Deep-Live-Cam-GAN,https://github.com/Ibraheemolasupogit/Deep-Live-Cam-GAN,https://github.com/hacksider/Deep-Live-Cam,2025-08-13T17:23:04Z,Final policy keeps only the 7 explicit forks; this fork is not listed in forks-to-keep-explicit.csv.
Defend-against-cyberthreats-Microsoft-Defender-XDR,https://github.com/Ibraheemolasupogit/Defend-against-cyberthreats-Microsoft-Defender-XDR,https://github.com/MicrosoftLearning/Defend-against-cyberthreats-Microsoft-Defender-XDR,2025-08-26T08:32:12Z,Final policy keeps only the 7 explicit forks; this fork is not listed in forks-to-keep-explicit.csv.
Defender-SC-200T00A-Microsoft-Security-Operations-Analyst,https://github.com/Ibraheemolasupogit/Defender-SC-200T00A-Microsoft-Security-Operations-Analyst,https://github.com/MicrosoftLearning/SC-200T00A-Microsoft-Security-Operations-Analyst,2025-07-13T08:03:03Z,Final policy keeps only the 7 explicit forks; this fork is not listed in forks-to-keep-explicit.csv.
delta,https://github.com/Ibraheemolasupogit/delta,https://github.com/delta-io/delta,2025-08-22T21:43:50Z,Final policy keeps only the 7 explicit forks; this fork is not listed in forks-to-keep-explicit.csv.
deploy-cloud-functions,https://github.com/Ibraheemolasupogit/deploy-cloud-functions,https://github.com/google-github-actions/deploy-cloud-functions,2025-07-09T11:48:28Z,Final policy keeps only the 7 explicit forks; this fork is not listed in forks-to-keep-explicit.csv.
Develop-generative-AI-apps-in-Azures-GenAIOps,https://github.com/Ibraheemolasupogit/Develop-generative-AI-apps-in-Azures-GenAIOps,https://github.com/MicrosoftLearning/mslearn-genaiops,2025-08-14T17:33:22Z,Final policy keeps only the 7 explicit forks; this fork is not listed in forks-to-keep-explicit.csv.
Devops-AZ400-DesigningandImplementingMicrosoftDevOpsSolutions,https://github.com/Ibraheemolasupogit/Devops-AZ400-DesigningandImplementingMicrosoftDevOpsSolutions,https://github.com/MicrosoftLearning/AZ400-DesigningandImplementingMicrosoftDevOpsSolutions,2025-07-13T08:00:33Z,Final policy keeps only the 7 explicit forks; this fork is not listed in forks-to-keep-explicit.csv.
Devops-eShopOnWeb,https://github.com/Ibraheemolasupogit/Devops-eShopOnWeb,https://github.com/MicrosoftLearning/eShopOnWeb,2025-07-13T07:57:16Z,Final policy keeps only the 7 explicit forks; this fork is not listed in forks-to-keep-explicit.csv.
Devops-hello-world,https://github.com/Ibraheemolasupogit/Devops-hello-world,https://github.com/yankils/hello-world,2025-08-04T08:17:40Z,Final policy keeps only the 7 explicit forks; this fork is not listed in forks-to-keep-explicit.csv.
DevOps-solutions,https://github.com/Ibraheemolasupogit/DevOps-solutions,https://github.com/imnowdevops/ddc-material,2025-09-08T14:00:21Z,Final policy keeps only the 7 explicit forks; this fork is not listed in forks-to-keep-explicit.csv.
diffusers,https://github.com/Ibraheemolasupogit/diffusers,https://github.com/huggingface/diffusers,2025-08-17T22:16:08Z,Final policy keeps only the 7 explicit forks; this fork is not listed in forks-to-keep-explicit.csv.
dify,https://github.com/Ibraheemolasupogit/dify,https://github.com/langgenius/dify,2025-08-13T17:06:56Z,Final policy keeps only the 7 explicit forks; this fork is not listed in forks-to-keep-explicit.csv.
docs,https://github.com/Ibraheemolasupogit/docs,https://github.com/docker/docs,2025-08-19T21:13:38Z,Final policy keeps only the 7 explicit forks; this fork is not listed in forks-to-keep-explicit.csv.
DP-100-Designing-and-implementing-data-science-solutions-on-Azure,https://github.com/Ibraheemolasupogit/DP-100-Designing-and-implementing-data-science-solutions-on-Azure,https://github.com/annav88/mslearn-azure-ml-100,2025-08-05T17:45:18Z,Final policy keeps only the 7 explicit forks; this fork is not listed in forks-to-keep-explicit.csv.
dp-203-azure-data-engineer-DP-3012-Data-Analytics-Solution-with-Azure-Synapse-Analytics,https://github.com/Ibraheemolasupogit/dp-203-azure-data-engineer-DP-3012-Data-Analytics-Solution-with-Azure-Synapse-Analytics,https://github.com/secedit/dp-203-azure-data-engineer,2025-07-31T15:31:36Z,Final policy keeps only the 7 explicit forks; this fork is not listed in forks-to-keep-explicit.csv.
dp-300-database-administrator,https://github.com/Ibraheemolasupogit/dp-300-database-administrator,https://github.com/MicrosoftLearning/dp-300-database-administrator,2025-07-30T11:57:43Z,Final policy keeps only the 7 explicit forks; this fork is not listed in forks-to-keep-explicit.csv.
DP-3028-Gen-AI-Eng-DP-3014-ML-solution-with-Azure-Databricks-DP-3011-Data-Analytic-DP-3027-Data-DEgr,https://github.com/Ibraheemolasupogit/DP-3028-Gen-AI-Eng-DP-3014-ML-solution-with-Azure-Databricks-DP-3011-Data-Analytic-DP-3027-Data-DEgr,https://github.com/MicrosoftLearning/mslearn-databricks,2025-07-31T14:56:02Z,Final policy keeps only the 7 explicit forks; this fork is not listed in forks-to-keep-explicit.csv.
dp-420-cosmos-db-dev,https://github.com/Ibraheemolasupogit/dp-420-cosmos-db-dev,https://github.com/MicrosoftLearning/dp-420-cosmos-db-dev,2025-11-01T06:55:26Z,Final policy keeps only the 7 explicit forks; this fork is not listed in forks-to-keep-explicit.csv.
DP-500-Azure-Data-Analyst,https://github.com/Ibraheemolasupogit/DP-500-Azure-Data-Analyst,https://github.com/MicrosoftLearning/DP-500-Azure-Data-Analyst,2025-09-13T04:32:48Z,Final policy keeps only the 7 explicit forks; this fork is not listed in forks-to-keep-explicit.csv.
DP-700T00-A-Microsoft-Fabric-Data-Engineer-Fabric-mslearn-fabric,https://github.com/Ibraheemolasupogit/DP-700T00-A-Microsoft-Fabric-Data-Engineer-Fabric-mslearn-fabric,https://github.com/MicrosoftLearning/mslearn-fabric,2025-07-31T16:17:42Z,Final policy keeps only the 7 explicit forks; this fork is not listed in forks-to-keep-explicit.csv.
DP-750T00-Implement-Data-Engineering-Solutions-using-Azure-Databricks,https://github.com/Ibraheemolasupogit/DP-750T00-Implement-Data-Engineering-Solutions-using-Azure-Databricks,https://github.com/MicrosoftLearning/DP-750T00-Implement-Data-Engineering-Solutions-using-Azure-Databricks,2026-04-09T08:19:37Z,Final policy keeps only the 7 explicit forks; this fork is not listed in forks-to-keep-explicit.csv.
DP-900T00A-Azure-Data-Fundamentals,https://github.com/Ibraheemolasupogit/DP-900T00A-Azure-Data-Fundamentals,https://github.com/MicrosoftLearning/DP-900T00A-Azure-Data-Fundamentals,2025-07-31T15:12:51Z,Final policy keeps only the 7 explicit forks; this fork is not listed in forks-to-keep-explicit.csv.
End-to-End-Vertex-AI-Pipeline-for-Fraud-Detection,https://github.com/Ibraheemolasupogit/End-to-End-Vertex-AI-Pipeline-for-Fraud-Detection,https://github.com/zacharyvunguyen/End-to-End-Vertex-AI-Pipeline-for-Fraud-Detection,2025-08-04T16:31:09Z,Final policy keeps only the 7 explicit forks; this fork is not listed in forks-to-keep-explicit.csv.
fabric-cli-powerbi-cicd-sample,https://github.com/Ibraheemolasupogit/fabric-cli-powerbi-cicd-sample,https://github.com/RuiRomano/fabric-cli-powerbi-cicd-sample,2025-07-29T13:47:13Z,Final policy keeps only the 7 explicit forks; this fork is not listed in forks-to-keep-explicit.csv.
Forecasting,https://github.com/Ibraheemolasupogit/Forecasting,https://github.com/nhsx/Forecasting,2025-08-20T21:30:09Z,Final policy keeps only the 7 explicit forks; this fork is not listed in forks-to-keep-explicit.csv.
Fraud-Analytics-with-AI-ML,https://github.com/Ibraheemolasupogit/Fraud-Analytics-with-AI-ML,https://github.com/RP-333/Fraud-Analytics-with-AI-ML,2025-09-01T04:30:06Z,Final policy keeps only the 7 explicit forks; this fork is not listed in forks-to-keep-explicit.csv.
fraud-detection-handbook,https://github.com/Ibraheemolasupogit/fraud-detection-handbook,https://github.com/Fraud-Detection-Handbook/fraud-detection-handbook,2025-09-01T05:11:28Z,Final policy keeps only the 7 explicit forks; this fork is not listed in forks-to-keep-explicit.csv.
GCP-deploy-cloudrun,https://github.com/Ibraheemolasupogit/GCP-deploy-cloudrun,https://github.com/google-github-actions/deploy-cloudrun,2025-07-09T11:50:41Z,Final policy keeps only the 7 explicit forks; this fork is not listed in forks-to-keep-explicit.csv.
GCP-example-workflows,https://github.com/Ibraheemolasupogit/GCP-example-workflows,https://github.com/google-github-actions/example-workflows,2025-07-09T11:49:28Z,Final policy keeps only the 7 explicit forks; this fork is not listed in forks-to-keep-explicit.csv.
gcp-mlops-development-to-deployment,https://github.com/Ibraheemolasupogit/gcp-mlops-development-to-deployment,https://github.com/sidoncloud/gcp-mlops,2025-08-02T19:05:50Z,Final policy keeps only the 7 explicit forks; this fork is not listed in forks-to-keep-explicit.csv.
GCP-workflows-demos,https://github.com/Ibraheemolasupogit/GCP-workflows-demos,https://github.com/GoogleCloudPlatform/workflows-demos,2025-07-09T11:45:06Z,Final policy keeps only the 7 explicit forks; this fork is not listed in forks-to-keep-explicit.csv.
gcs-connector-for-pytorch,https://github.com/Ibraheemolasupogit/gcs-connector-for-pytorch,https://github.com/GoogleCloudPlatform/gcs-connector-for-pytorch,2025-07-30T16:08:24Z,Final policy keeps only the 7 explicit forks; this fork is not listed in forks-to-keep-explicit.csv.
gemini-cli,https://github.com/Ibraheemolasupogit/gemini-cli,https://github.com/google-gemini/gemini-cli,2025-08-13T17:09:05Z,Final policy keeps only the 7 explicit forks; this fork is not listed in forks-to-keep-explicit.csv.
genai-cookbook,https://github.com/Ibraheemolasupogit/genai-cookbook,https://github.com/databricks/genai-cookbook,2025-08-16T19:37:08Z,Final policy keeps only the 7 explicit forks; this fork is not listed in forks-to-keep-explicit.csv.
generative-ai,https://github.com/Ibraheemolasupogit/generative-ai,https://github.com/GoogleCloudPlatform/generative-ai,2025-07-18T15:08:15Z,Final policy keeps only the 7 explicit forks; this fork is not listed in forks-to-keep-explicit.csv.
gensim,https://github.com/Ibraheemolasupogit/gensim,https://github.com/piskvorky/gensim,2025-08-13T13:04:59Z,Final policy keeps only the 7 explicit forks; this fork is not listed in forks-to-keep-explicit.csv.
Get-started-Microsoft-Entra-Management-Tasks,https://github.com/Ibraheemolasupogit/Get-started-Microsoft-Entra-Management-Tasks,https://github.com/MicrosoftLearning/Get-started-Microsoft-Entra-Management-Tasks,2025-11-03T11:10:42Z,Final policy keeps only the 7 explicit forks; this fork is not listed in forks-to-keep-explicit.csv.
getting-started-with-github-copilot,https://github.com/Ibraheemolasupogit/getting-started-with-github-copilot,https://github.com/skills/getting-started-with-github-copilot,2025-07-08T14:42:47Z,Final policy keeps only the 7 explicit forks; this fork is not listed in forks-to-keep-explicit.csv.
Git-Hub-Actions-cache,https://github.com/Ibraheemolasupogit/Git-Hub-Actions-cache,https://github.com/actions/cache,2025-08-02T05:56:11Z,Final policy keeps only the 7 explicit forks; this fork is not listed in forks-to-keep-explicit.csv.
Git-Hub-Actions-download-artifact,https://github.com/Ibraheemolasupogit/Git-Hub-Actions-download-artifact,https://github.com/actions/download-artifact,2025-08-01T23:22:18Z,Final policy keeps only the 7 explicit forks; this fork is not listed in forks-to-keep-explicit.csv.
Git-Hub-Actions-JavaScript-toolkit,https://github.com/Ibraheemolasupogit/Git-Hub-Actions-JavaScript-toolkit,https://github.com/actions/toolkit,2025-08-02T15:02:27Z,Final policy keeps only the 7 explicit forks; this fork is not listed in forks-to-keep-explicit.csv.
Git-Hub-Actions-runner-images,https://github.com/Ibraheemolasupogit/Git-Hub-Actions-runner-images,https://github.com/actions/runner-images,2025-08-02T05:32:25Z,Final policy keeps only the 7 explicit forks; this fork is not listed in forks-to-keep-explicit.csv.
Git-Hub-Actions-upload-artifact,https://github.com/Ibraheemolasupogit/Git-Hub-Actions-upload-artifact,https://github.com/actions/upload-artifact,2025-08-01T23:22:54Z,Final policy keeps only the 7 explicit forks; this fork is not listed in forks-to-keep-explicit.csv.
GitHub-actions-checkout,https://github.com/Ibraheemolasupogit/GitHub-actions-checkout,https://github.com/actions/checkout,2025-08-01T05:47:57Z,Final policy keeps only the 7 explicit forks; this fork is not listed in forks-to-keep-explicit.csv.
GitHub-Actions-setup-node,https://github.com/Ibraheemolasupogit/GitHub-Actions-setup-node,https://github.com/actions/setup-node,2025-08-01T06:42:50Z,Final policy keeps only the 7 explicit forks; this fork is not listed in forks-to-keep-explicit.csv.
GitHub-actions-starter-workflows,https://github.com/Ibraheemolasupogit/GitHub-actions-starter-workflows,https://github.com/actions/starter-workflows,2025-08-01T08:22:22Z,Final policy keeps only the 7 explicit forks; this fork is not listed in forks-to-keep-explicit.csv.
google-cloud-certifications,https://github.com/Ibraheemolasupogit/google-cloud-certifications,https://github.com/stacksimplify/google-cloud-certifications,2025-07-31T16:33:57Z,Final policy keeps only the 7 explicit forks; this fork is not listed in forks-to-keep-explicit.csv.
GoogleCloudSkillsboost,https://github.com/Ibraheemolasupogit/GoogleCloudSkillsboost,https://github.com/Itsabhishek7py/GoogleCloudSkillsboost,2025-08-27T18:36:57Z,Final policy keeps only the 7 explicit forks; this fork is not listed in forks-to-keep-explicit.csv.
Guide-on-making-contribution,https://github.com/Ibraheemolasupogit/Guide-on-making-contribution,https://github.com/firstcontributions/first-contributions,2025-06-30T17:06:35Z,Final policy keeps only the 7 explicit forks; this fork is not listed in forks-to-keep-explicit.csv.
Gurobi-Modeling-examples,https://github.com/Ibraheemolasupogit/Gurobi-Modeling-examples,https://github.com/Gurobi/modeling-examples,2025-07-05T14:11:28Z,Final policy keeps only the 7 explicit forks; this fork is not listed in forks-to-keep-explicit.csv.
GurobiExamples,https://github.com/Ibraheemolasupogit/GurobiExamples,https://github.com/AustinLBuchanan/GurobiExamples,2025-06-29T07:08:13Z,Final policy keeps only the 7 explicit forks; this fork is not listed in forks-to-keep-explicit.csv.
Health-Data-and-AI-Blueprint,https://github.com/Ibraheemolasupogit/Health-Data-and-AI-Blueprint,https://github.com/Azure/Health-Data-and-AI-Blueprint,2025-07-22T15:13:16Z,Final policy keeps only the 7 explicit forks; this fork is not listed in forks-to-keep-explicit.csv.
hello-github-actions_GitHub_MS,https://github.com/Ibraheemolasupogit/hello-github-actions_GitHub_MS,https://github.com/skills/hello-github-actions,2026-02-12T14:40:23Z,Final policy keeps only the 7 explicit forks; this fork is not listed in forks-to-keep-explicit.csv.
hive,https://github.com/Ibraheemolasupogit/hive,https://github.com/apache/hive,2025-08-21T00:25:19Z,Final policy keeps only the 7 explicit forks; this fork is not listed in forks-to-keep-explicit.csv.
House-Prices-Advanced-Regression-Techniques-Kaggle,https://github.com/Ibraheemolasupogit/House-Prices-Advanced-Regression-Techniques-Kaggle,https://github.com/MaizeCobra/Kaggle-Competitions,2025-07-11T13:56:14Z,Final policy keeps only the 7 explicit forks; this fork is not listed in forks-to-keep-explicit.csv.
implement-column-level-encryption-in-amazon-redshift-with-aws-glue-and-aws-lambda-udf,https://github.com/Ibraheemolasupogit/implement-column-level-encryption-in-amazon-redshift-with-aws-glue-and-aws-lambda-udf,https://github.com/aws-samples/implement-column-level-encryption-in-amazon-redshift-with-aws-glue-and-aws-lambda-udf,2025-07-10T01:55:07Z,Final policy keeps only the 7 explicit forks; this fork is not listed in forks-to-keep-explicit.csv.
implement-security-through-pipeline-using-devops,https://github.com/Ibraheemolasupogit/implement-security-through-pipeline-using-devops,https://github.com/MicrosoftLearning/implement-security-through-pipeline-using-devops,2025-11-19T02:47:46Z,Final policy keeps only the 7 explicit forks; this fork is not listed in forks-to-keep-explicit.csv.
introduction-to-github,https://github.com/Ibraheemolasupogit/introduction-to-github,https://github.com/skills/introduction-to-github,2025-07-08T14:43:13Z,Final policy keeps only the 7 explicit forks; this fork is not listed in forks-to-keep-explicit.csv.
JetStream,https://github.com/Ibraheemolasupogit/JetStream,https://github.com/AI-Hypercomputer/JetStream,2025-07-23T03:41:54Z,Final policy keeps only the 7 explicit forks; this fork is not listed in forks-to-keep-explicit.csv.
kafka-tutorials,https://github.com/Ibraheemolasupogit/kafka-tutorials,https://github.com/confluentinc/kafka-tutorials,2025-08-21T00:21:12Z,Final policy keeps only the 7 explicit forks; this fork is not listed in forks-to-keep-explicit.csv.
kops,https://github.com/Ibraheemolasupogit/kops,https://github.com/kubernetes/kops,2025-08-28T15:36:13Z,Final policy keeps only the 7 explicit forks; this fork is not listed in forks-to-keep-explicit.csv.
kubeflow-gke-docs,https://github.com/Ibraheemolasupogit/kubeflow-gke-docs,https://github.com/GoogleCloudPlatform/kubeflow-gke-docs,2025-08-03T20:03:48Z,Final policy keeps only the 7 explicit forks; this fork is not listed in forks-to-keep-explicit.csv.
kubernetes,https://github.com/Ibraheemolasupogit/kubernetes,https://github.com/kubernetes/kubernetes,2025-08-31T17:33:05Z,Final policy keeps only the 7 explicit forks; this fork is not listed in forks-to-keep-explicit.csv.
kubernetes-engine-samples,https://github.com/Ibraheemolasupogit/kubernetes-engine-samples,https://github.com/GoogleCloudPlatform/kubernetes-engine-samples,2025-08-03T15:47:05Z,Final policy keeps only the 7 explicit forks; this fork is not listed in forks-to-keep-explicit.csv.
labs-ai-tools-for-devs,https://github.com/Ibraheemolasupogit/labs-ai-tools-for-devs,https://github.com/docker/labs-ai-tools-for-devs,2025-08-19T21:12:58Z,Final policy keeps only the 7 explicit forks; this fork is not listed in forks-to-keep-explicit.csv.
langchain,https://github.com/Ibraheemolasupogit/langchain,https://github.com/langchain-ai/langchain,2025-08-13T16:57:41Z,Final policy keeps only the 7 explicit forks; this fork is not listed in forks-to-keep-explicit.csv.
langflow,https://github.com/Ibraheemolasupogit/langflow,https://github.com/langflow-ai/langflow,2025-08-13T17:04:07Z,Final policy keeps only the 7 explicit forks; this fork is not listed in forks-to-keep-explicit.csv.
langgraph,https://github.com/Ibraheemolasupogit/langgraph,https://github.com/langchain-ai/langgraph,2025-08-13T17:02:16Z,Final policy keeps only the 7 explicit forks; this fork is not listed in forks-to-keep-explicit.csv.
lda-NLP,https://github.com/Ibraheemolasupogit/lda-NLP,https://github.com/lda-project/lda,2025-08-22T20:31:16Z,Final policy keeps only the 7 explicit forks; this fork is not listed in forks-to-keep-explicit.csv.
Loan-prediction-using-Machine-Learning-and-Python,https://github.com/Ibraheemolasupogit/Loan-prediction-using-Machine-Learning-and-Python,https://github.com/Architectshwet/Loan-prediction-using-Machine-Learning-and-Python,2025-07-19T12:14:43Z,Final policy keeps only the 7 explicit forks; this fork is not listed in forks-to-keep-explicit.csv.
login-action,https://github.com/Ibraheemolasupogit/login-action,https://github.com/docker/login-action,2025-08-19T21:18:34Z,Final policy keeps only the 7 explicit forks; this fork is not listed in forks-to-keep-explicit.csv.
MachineLearningNotebooks,https://github.com/Ibraheemolasupogit/MachineLearningNotebooks,https://github.com/Azure/MachineLearningNotebooks,2025-07-22T12:04:56Z,Final policy keeps only the 7 explicit forks; this fork is not listed in forks-to-keep-explicit.csv.
MachineLearningSamples-PredictiveMaintenance,https://github.com/Ibraheemolasupogit/MachineLearningSamples-PredictiveMaintenance,https://github.com/Azure-Samples/MachineLearningSamples-PredictiveMaintenance,2025-07-22T12:14:14Z,Final policy keeps only the 7 explicit forks; this fork is not listed in forks-to-keep-explicit.csv.
MB-800-Business-Central-Functional-Consultant,https://github.com/Ibraheemolasupogit/MB-800-Business-Central-Functional-Consultant,https://github.com/MicrosoftLearning/MB-800-Business-Central-Functional-Consultant,2026-05-04T18:57:48Z,Final policy keeps only the 7 explicit forks; this fork is not listed in forks-to-keep-explicit.csv.
MD-102T00-Microsoft-365-Endpoint-Administrator,https://github.com/Ibraheemolasupogit/MD-102T00-Microsoft-365-Endpoint-Administrator,https://github.com/MicrosoftLearning/MD-102T00-Microsoft-365-Endpoint-Administrator,2025-11-06T09:11:29Z,Final policy keeps only the 7 explicit forks; this fork is not listed in forks-to-keep-explicit.csv.
MetaGPT,https://github.com/Ibraheemolasupogit/MetaGPT,https://github.com/FoundationAgents/MetaGPT,2025-08-13T17:12:07Z,Final policy keeps only the 7 explicit forks; this fork is not listed in forks-to-keep-explicit.csv.
Microsoft-Courses,https://github.com/Ibraheemolasupogit/Microsoft-Courses,https://github.com/esamaric-srl/Microsoft-Courses,2025-11-06T09:08:04Z,Final policy keeps only the 7 explicit forks; this fork is not listed in forks-to-keep-explicit.csv.
Microsoft-Fabric-project-by-Microsoft,https://github.com/Ibraheemolasupogit/Microsoft-Fabric-project-by-Microsoft,https://github.com/microsoft/fabric-samples,2025-06-29T01:07:03Z,Final policy keeps only the 7 explicit forks; this fork is not listed in forks-to-keep-explicit.csv.
Microsoft-SQL-Server-Documentations,https://github.com/Ibraheemolasupogit/Microsoft-SQL-Server-Documentations,https://github.com/MicrosoftDocs/sql-docs,2025-06-29T07:38:16Z,Final policy keeps only the 7 explicit forks; this fork is not listed in forks-to-keep-explicit.csv.
ML-For-Beginners,https://github.com/Ibraheemolasupogit/ML-For-Beginners,https://github.com/microsoft/ML-For-Beginners,2025-08-23T07:09:59Z,Final policy keeps only the 7 explicit forks; this fork is not listed in forks-to-keep-explicit.csv.
ml-on-gcp,https://github.com/Ibraheemolasupogit/ml-on-gcp,https://github.com/GoogleCloudPlatform/ml-on-gcp,2025-07-30T16:10:17Z,Final policy keeps only the 7 explicit forks; this fork is not listed in forks-to-keep-explicit.csv.
MLOps-model-deployment-GCP,https://github.com/Ibraheemolasupogit/MLOps-model-deployment-GCP,https://github.com/futurexskill/ml-model-deployment,2025-08-07T03:31:01Z,Final policy keeps only the 7 explicit forks; this fork is not listed in forks-to-keep-explicit.csv.
mlops-stacks,https://github.com/Ibraheemolasupogit/mlops-stacks,https://github.com/databricks/mlops-stacks,2025-08-19T03:22:16Z,Final policy keeps only the 7 explicit forks; this fork is not listed in forks-to-keep-explicit.csv.
mlops-templates,https://github.com/Ibraheemolasupogit/mlops-templates,https://github.com/Azure/mlops-templates,2025-07-22T15:02:53Z,Final policy keeps only the 7 explicit forks; this fork is not listed in forks-to-keep-explicit.csv.
MLOps-v2,https://github.com/Ibraheemolasupogit/MLOps-v2,https://github.com/Azure/mlops-v2,2025-07-02T11:25:30Z,Final policy keeps only the 7 explicit forks; this fork is not listed in forks-to-keep-explicit.csv.
mlops-with-vertex-ai,https://github.com/Ibraheemolasupogit/mlops-with-vertex-ai,https://github.com/GoogleCloudPlatform/mlops-with-vertex-ai,2025-07-18T15:10:17Z,Final policy keeps only the 7 explicit forks; this fork is not listed in forks-to-keep-explicit.csv.
mlsecops,https://github.com/Ibraheemolasupogit/mlsecops,https://github.com/Benjamin-KY/MLSecOps,2025-10-01T16:33:18Z,Final policy keeps only the 7 explicit forks; this fork is not listed in forks-to-keep-explicit.csv.
MS-102T00-Microsoft-365-Administrator-Essentials,https://github.com/Ibraheemolasupogit/MS-102T00-Microsoft-365-Administrator-Essentials,https://github.com/MicrosoftLearning/MS-102T00-Microsoft-365-Administrator-Essentials,2026-01-11T10:04:53Z,Final policy keeps only the 7 explicit forks; this fork is not listed in forks-to-keep-explicit.csv.
MS-4002-Prepare-security-and-compliance-to-support-Microsoft-365-Copilot,https://github.com/Ibraheemolasupogit/MS-4002-Prepare-security-and-compliance-to-support-Microsoft-365-Copilot,https://github.com/MicrosoftLearning/MS-4002-Prepare-security-and-compliance-to-support-Microsoft-365-Copilot,2025-12-07T12:34:42Z,Final policy keeps only the 7 explicit forks; this fork is not listed in forks-to-keep-explicit.csv.
MS-4010-Extend-Microsoft365-Copilot-declarative-agents-VS-Code,https://github.com/Ibraheemolasupogit/MS-4010-Extend-Microsoft365-Copilot-declarative-agents-VS-Code,https://github.com/MicrosoftLearning/MS-4010-Extend-Microsoft365-Copilot-declarative-agents-VS-Code,2025-11-08T04:13:54Z,Final policy keeps only the 7 explicit forks; this fork is not listed in forks-to-keep-explicit.csv.
MS-700-Managing-Microsoft-Teams,https://github.com/Ibraheemolasupogit/MS-700-Managing-Microsoft-Teams,https://github.com/MicrosoftLearning/MS-700-Managing-Microsoft-Teams,2025-07-13T08:46:16Z,Final policy keeps only the 7 explicit forks; this fork is not listed in forks-to-keep-explicit.csv.
MS-900T01-Microsoft-365-Fundamentals,https://github.com/Ibraheemolasupogit/MS-900T01-Microsoft-365-Fundamentals,https://github.com/molenaar/ms-900,2025-07-13T08:51:40Z,Final policy keeps only the 7 explicit forks; this fork is not listed in forks-to-keep-explicit.csv.
MS-Fabric-Essentials-Workshop,https://github.com/Ibraheemolasupogit/MS-Fabric-Essentials-Workshop,https://github.com/Cloud2BR-MSFTLearningHub/MS-Fabric-Essentials-Workshop,2025-10-21T09:44:43Z,Final policy keeps only the 7 explicit forks; this fork is not listed in forks-to-keep-explicit.csv.
mslearn-ai-document-intelligence-102,https://github.com/Ibraheemolasupogit/mslearn-ai-document-intelligence-102,https://github.com/MicrosoftLearning/mslearn-ai-document-intelligence,2025-08-14T17:29:21Z,Final policy keeps only the 7 explicit forks; this fork is not listed in forks-to-keep-explicit.csv.
mslearn-ai-fundamentals-AI-900T00-A-Introduction-to-AI-in-Azure,https://github.com/Ibraheemolasupogit/mslearn-ai-fundamentals-AI-900T00-A-Introduction-to-AI-in-Azure,https://github.com/MicrosoftLearning/mslearn-ai-fundamentals,2025-07-31T10:51:25Z,Final policy keeps only the 7 explicit forks; this fork is not listed in forks-to-keep-explicit.csv.
mslearn-ai-semantic-kernel,https://github.com/Ibraheemolasupogit/mslearn-ai-semantic-kernel,https://github.com/MicrosoftLearning/mslearn-ai-semantic-kernel,2025-11-02T10:59:35Z,Final policy keeps only the 7 explicit forks; this fork is not listed in forks-to-keep-explicit.csv.
mslearn-ai-services-102,https://github.com/Ibraheemolasupogit/mslearn-ai-services-102,https://github.com/MicrosoftLearning/mslearn-ai-services,2025-08-14T17:27:36Z,Final policy keeps only the 7 explicit forks; this fork is not listed in forks-to-keep-explicit.csv.
mslearn-aspnet-api-ASP-CoreWeb,https://github.com/Ibraheemolasupogit/mslearn-aspnet-api-ASP-CoreWeb,https://github.com/MicrosoftLearning/mslearn-aspnet-api,2025-11-26T07:27:05Z,Final policy keeps only the 7 explicit forks; this fork is not listed in forks-to-keep-explicit.csv.
mslearn-azure-developer-204,https://github.com/Ibraheemolasupogit/mslearn-azure-developer-204,https://github.com/MicrosoftLearning/mslearn-azure-developer,2025-08-25T07:22:02Z,Final policy keeps only the 7 explicit forks; this fork is not listed in forks-to-keep-explicit.csv.
mslearn-copilot-Work-smarter-with-AI-using-Microsoft-Copilot-AI-3025,https://github.com/Ibraheemolasupogit/mslearn-copilot-Work-smarter-with-AI-using-Microsoft-Copilot-AI-3025,https://github.com/MicrosoftLearning/mslearn-copilot,2025-07-31T16:22:41Z,Final policy keeps only the 7 explicit forks; this fork is not listed in forks-to-keep-explicit.csv.
mslearn-copilotstudio-copilot,https://github.com/Ibraheemolasupogit/mslearn-copilotstudio-copilot,https://github.com/MicrosoftLearning/mslearn-copilotstudio,2025-11-24T12:00:05Z,Final policy keeps only the 7 explicit forks; this fork is not listed in forks-to-keep-explicit.csv.
mslearn-develop-oop-csharp,https://github.com/Ibraheemolasupogit/mslearn-develop-oop-csharp,https://github.com/MicrosoftLearning/mslearn-develop-oop-csharp,2025-10-31T15:06:25Z,Final policy keeps only the 7 explicit forks; this fork is not listed in forks-to-keep-explicit.csv.
mslearn-github-copilot-dev-Accelerate,https://github.com/Ibraheemolasupogit/mslearn-github-copilot-dev-Accelerate,https://github.com/MicrosoftLearning/mslearn-github-copilot-dev,2025-11-27T05:09:45Z,Final policy keeps only the 7 explicit forks; this fork is not listed in forks-to-keep-explicit.csv.
mslearn-github-GH-900-100-200-300-500,https://github.com/Ibraheemolasupogit/mslearn-github-GH-900-100-200-300-500,https://github.com/MicrosoftLearning/mslearn-github,2026-05-09T12:50:16Z,Final policy keeps only the 7 explicit forks; this fork is not listed in forks-to-keep-explicit.csv.
mslearn-mlops_AI-300,https://github.com/Ibraheemolasupogit/mslearn-mlops_AI-300,https://github.com/MicrosoftLearning/mslearn-mlops,2026-04-12T10:43:27Z,Final policy keeps only the 7 explicit forks; this fork is not listed in forks-to-keep-explicit.csv.
mslearn-openai-AI-102,https://github.com/Ibraheemolasupogit/mslearn-openai-AI-102,https://github.com/MicrosoftLearning/mslearn-openai,2025-08-14T17:30:30Z,Final policy keeps only the 7 explicit forks; this fork is not listed in forks-to-keep-explicit.csv.
mslearn-postgresql,https://github.com/Ibraheemolasupogit/mslearn-postgresql,https://github.com/MicrosoftLearning/mslearn-postgresql,2025-11-04T15:44:55Z,Final policy keeps only the 7 explicit forks; this fork is not listed in forks-to-keep-explicit.csv.
mslearn-sql-dev,https://github.com/Ibraheemolasupogit/mslearn-sql-dev,https://github.com/MicrosoftLearning/mslearn-sql-dev,2025-11-03T07:27:31Z,Final policy keeps only the 7 explicit forks; this fork is not listed in forks-to-keep-explicit.csv.
mslearn-sql-developer-DP-800,https://github.com/Ibraheemolasupogit/mslearn-sql-developer-DP-800,https://github.com/MicrosoftLearning/mslearn-sql-developer,2026-05-08T11:20:32Z,Final policy keeps only the 7 explicit forks; this fork is not listed in forks-to-keep-explicit.csv.
mslearn-sql-migration-DP-3001-Migrate-SQL-Server-workload-to-Azure-SQL,https://github.com/Ibraheemolasupogit/mslearn-sql-migration-DP-3001-Migrate-SQL-Server-workload-to-Azure-SQL,https://github.com/MicrosoftLearning/mslearn-sql-migration,2025-07-29T17:40:54Z,Final policy keeps only the 7 explicit forks; this fork is not listed in forks-to-keep-explicit.csv.
Multi-Agent-Custom-Automation-Engine-Solution-Accelerator,https://github.com/Ibraheemolasupogit/Multi-Agent-Custom-Automation-Engine-Solution-Accelerator,https://github.com/microsoft/Multi-Agent-Custom-Automation-Engine-Solution-Accelerator,2025-08-07T13:42:19Z,Final policy keeps only the 7 explicit forks; this fork is not listed in forks-to-keep-explicit.csv.
Multi-Agent-Trip-Planning-System-google-adk-workflows,https://github.com/Ibraheemolasupogit/Multi-Agent-Trip-Planning-System-google-adk-workflows,https://github.com/MagnIeeT/google-adk-workflows,2025-07-23T03:55:19Z,Final policy keeps only the 7 explicit forks; this fork is not listed in forks-to-keep-explicit.csv.
nanoVLM,https://github.com/Ibraheemolasupogit/nanoVLM,https://github.com/huggingface/nanoVLM,2025-08-13T17:40:09Z,Final policy keeps only the 7 explicit forks; this fork is not listed in forks-to-keep-explicit.csv.
NeMo-Guardrails,https://github.com/Ibraheemolasupogit/NeMo-Guardrails,https://github.com/NVIDIA-NeMo/Guardrails,2025-09-18T14:39:52Z,Final policy keeps only the 7 explicit forks; this fork is not listed in forks-to-keep-explicit.csv.
NHS-commercial-data-healthcare-predictions,https://github.com/Ibraheemolasupogit/NHS-commercial-data-healthcare-predictions,https://github.com/nhsx/commercial-data-healthcare-predictions,2025-06-29T07:23:46Z,Final policy keeps only the 7 explicit forks; this fork is not listed in forks-to-keep-explicit.csv.
NHS-DNAproject-showupforhealth,https://github.com/Ibraheemolasupogit/NHS-DNAproject-showupforhealth,https://github.com/janduplessis883/project-showupforhealth,2025-06-30T18:24:34Z,Final policy keeps only the 7 explicit forks; this fork is not listed in forks-to-keep-explicit.csv.
NHS-GeneralPracticePatientSurvey,https://github.com/Ibraheemolasupogit/NHS-GeneralPracticePatientSurvey,https://github.com/nathant181/GeneralPracticePatientSurvey,2025-06-29T09:07:16Z,Final policy keeps only the 7 explicit forks; this fork is not listed in forks-to-keep-explicit.csv.
nhs-r-community,https://github.com/Ibraheemolasupogit/nhs-r-community,https://github.com/nhs-r-community/nhs-r-community,2025-08-20T13:14:54Z,Final policy keeps only the 7 explicit forks; this fork is not listed in forks-to-keep-explicit.csv.
NHS-skunkworks,https://github.com/Ibraheemolasupogit/NHS-skunkworks,https://github.com/nhsx/skunkworks,2025-07-01T09:45:18Z,Final policy keeps only the 7 explicit forks; this fork is not listed in forks-to-keep-explicit.csv.
NHSR-way,https://github.com/Ibraheemolasupogit/NHSR-way,https://github.com/nhs-r-community/NHSR-way,2025-08-19T17:16:44Z,Final policy keeps only the 7 explicit forks; this fork is not listed in forks-to-keep-explicit.csv.
NHSRwaitinglist,https://github.com/Ibraheemolasupogit/NHSRwaitinglist,https://github.com/nhs-r-community/NHSRwaitinglist,2025-06-29T01:40:01Z,Final policy keeps only the 7 explicit forks; this fork is not listed in forks-to-keep-explicit.csv.
nhsx-internship-projects,https://github.com/Ibraheemolasupogit/nhsx-internship-projects,https://github.com/nhsx/nhsx-internship-projects,2025-08-04T11:35:28Z,Final policy keeps only the 7 explicit forks; this fork is not listed in forks-to-keep-explicit.csv.
nltk,https://github.com/Ibraheemolasupogit/nltk,https://github.com/nltk/nltk,2025-08-13T12:04:37Z,Final policy keeps only the 7 explicit forks; this fork is not listed in forks-to-keep-explicit.csv.
online_payment_fraud,https://github.com/Ibraheemolasupogit/online_payment_fraud,https://github.com/sergio11/online_payment_fraud,2025-09-01T04:34:07Z,Final policy keeps only the 7 explicit forks; this fork is not listed in forks-to-keep-explicit.csv.
open-optimization-or-examples,https://github.com/Ibraheemolasupogit/open-optimization-or-examples,https://github.com/open-optimization/open-optimization-or-examples,2025-06-29T07:03:03Z,Final policy keeps only the 7 explicit forks; this fork is not listed in forks-to-keep-explicit.csv.
openai-agents-python,https://github.com/Ibraheemolasupogit/openai-agents-python,https://github.com/openai/openai-agents-python,2025-08-13T17:47:51Z,Final policy keeps only the 7 explicit forks; this fork is not listed in forks-to-keep-explicit.csv.
openai-vision,https://github.com/Ibraheemolasupogit/openai-vision,https://github.com/GraemeMalcolm/openai-vision,2025-08-04T16:09:30Z,Final policy keeps only the 7 explicit forks; this fork is not listed in forks-to-keep-explicit.csv.
OpenAIWorkshop,https://github.com/Ibraheemolasupogit/OpenAIWorkshop,https://github.com/microsoft/OpenAIWorkshop,2025-11-30T12:35:18Z,Final policy keeps only the 7 explicit forks; this fork is not listed in forks-to-keep-explicit.csv.
PL-200-Power-Platform-Functional-Consultant_Powerapps,https://github.com/Ibraheemolasupogit/PL-200-Power-Platform-Functional-Consultant_Powerapps,https://github.com/MicrosoftLearning/PL-200-Power-Platform-Functional-Consultant,2025-11-16T02:37:41Z,Final policy keeps only the 7 explicit forks; this fork is not listed in forks-to-keep-explicit.csv.
PL-30-PL-300T00-A-Design-and-manage-analytics-solutions-using-Power-BI-DP-605T00,https://github.com/Ibraheemolasupogit/PL-30-PL-300T00-A-Design-and-manage-analytics-solutions-using-Power-BI-DP-605T00,https://github.com/MicrosoftLearning/PL-300-Microsoft-Power-BI-Data-Analyst,2025-07-31T13:46:54Z,Final policy keeps only the 7 explicit forks; this fork is not listed in forks-to-keep-explicit.csv.
PL-400_Microsoft-Power-Platform-Developer,https://github.com/Ibraheemolasupogit/PL-400_Microsoft-Power-Platform-Developer,https://github.com/MicrosoftLearning/PL-400_Microsoft-Power-Platform-Developer,2025-07-13T08:04:17Z,Final policy keeps only the 7 explicit forks; this fork is not listed in forks-to-keep-explicit.csv.
PL-7001-Create-and-manage-canvas-apps-with-Power-Apps,https://github.com/Ibraheemolasupogit/PL-7001-Create-and-manage-canvas-apps-with-Power-Apps,https://github.com/MicrosoftLearning/PL-7001-Create-and-manage-canvas-apps-with-Power-Apps,2025-07-08T17:14:56Z,Final policy keeps only the 7 explicit forks; this fork is not listed in forks-to-keep-explicit.csv.
PL-7002-Create-and-Manage-Automated-Processes-by-using-Power-Automate,https://github.com/Ibraheemolasupogit/PL-7002-Create-and-Manage-Automated-Processes-by-using-Power-Automate,https://github.com/MicrosoftLearning/PL-7002-Create-and-Manage-Automated-Processes-by-using-Power-Automate,2025-07-08T14:56:50Z,Final policy keeps only the 7 explicit forks; this fork is not listed in forks-to-keep-explicit.csv.
PL-7003-Create-and-manage-model-driven-apps-with-Power-Apps-and-Dataverse,https://github.com/Ibraheemolasupogit/PL-7003-Create-and-manage-model-driven-apps-with-Power-Apps-and-Dataverse,https://github.com/MicrosoftLearning/PL-7003-Create-and-manage-model-driven-apps-with-Power-Apps-and-Dataverse,2025-12-03T06:03:40Z,Final policy keeps only the 7 explicit forks; this fork is not listed in forks-to-keep-explicit.csv.
postgres,https://github.com/Ibraheemolasupogit/postgres,https://github.com/postgres/postgres,2025-08-30T14:02:09Z,Final policy keeps only the 7 explicit forks; this fork is not listed in forks-to-keep-explicit.csv.
power-grid-model,https://github.com/Ibraheemolasupogit/power-grid-model,https://github.com/PowerGridModel/power-grid-model,2025-07-15T19:26:37Z,Final policy keeps only the 7 explicit forks; this fork is not listed in forks-to-keep-explicit.csv.
Power-system-stability-PSS-ML,https://github.com/Ibraheemolasupogit/Power-system-stability-PSS-ML,https://github.com/sarajcev/PSS-ML,2025-07-20T00:55:47Z,Final policy keeps only the 7 explicit forks; this fork is not listed in forks-to-keep-explicit.csv.
PowerBI-connector,https://github.com/Ibraheemolasupogit/PowerBI-connector,https://github.com/eurostat/PowerBI-connector,2025-09-05T07:07:17Z,Final policy keeps only the 7 explicit forks; this fork is not listed in forks-to-keep-explicit.csv.
predict-customer-churn,https://github.com/Ibraheemolasupogit/predict-customer-churn,https://github.com/alteryx/predict-customer-churn,2025-11-28T09:02:35Z,Final policy keeps only the 7 explicit forks; this fork is not listed in forks-to-keep-explicit.csv.
Predictive-Maintenance-of-Aircraft-Engine,https://github.com/Ibraheemolasupogit/Predictive-Maintenance-of-Aircraft-Engine,https://github.com/archd3sai/Predictive-Maintenance-of-Aircraft-Engine,2025-08-06T15:48:13Z,Final policy keeps only the 7 explicit forks; this fork is not listed in forks-to-keep-explicit.csv.
predictive-maintenance-showcase,https://github.com/Ibraheemolasupogit/predictive-maintenance-showcase,https://github.com/jordandelbar/predictive-maintenance-showcase,2025-07-22T14:57:30Z,Final policy keeps only the 7 explicit forks; this fork is not listed in forks-to-keep-explicit.csv.
ProcessMining,https://github.com/Ibraheemolasupogit/ProcessMining,https://github.com/nhsengland/ProcessMining,2025-08-21T05:06:00Z,Final policy keeps only the 7 explicit forks; this fork is not listed in forks-to-keep-explicit.csv.
prompt-flow-labs,https://github.com/Ibraheemolasupogit/prompt-flow-labs,https://github.com/azureandsecurityotaku/prompt-flow-labs,2025-11-14T09:58:55Z,Final policy keeps only the 7 explicit forks; this fork is not listed in forks-to-keep-explicit.csv.
python-debugging-vscode,https://github.com/Ibraheemolasupogit/python-debugging-vscode,https://github.com/j2eeexpert2015/python-debugging-vscode,2025-12-18T21:07:58Z,Final policy keeps only the 7 explicit forks; this fork is not listed in forks-to-keep-explicit.csv.
pytorch-CycleGAN-and-pix2pix-GAN,https://github.com/Ibraheemolasupogit/pytorch-CycleGAN-and-pix2pix-GAN,https://github.com/junyanz/pytorch-CycleGAN-and-pix2pix,2025-08-13T17:28:00Z,Final policy keeps only the 7 explicit forks; this fork is not listed in forks-to-keep-explicit.csv.
PyTorch-GAN,https://github.com/Ibraheemolasupogit/PyTorch-GAN,https://github.com/eriklindernoren/PyTorch-GAN,2025-08-13T17:20:10Z,Final policy keeps only the 7 explicit forks; this fork is not listed in forks-to-keep-explicit.csv.
pytorch-pretrained-BigGAN,https://github.com/Ibraheemolasupogit/pytorch-pretrained-BigGAN,https://github.com/huggingface/pytorch-pretrained-BigGAN,2025-08-13T17:42:08Z,Final policy keeps only the 7 explicit forks; this fork is not listed in forks-to-keep-explicit.csv.
PyTorch-VAE,https://github.com/Ibraheemolasupogit/PyTorch-VAE,https://github.com/AntixK/PyTorch-VAE,2025-08-13T17:44:49Z,Final policy keeps only the 7 explicit forks; this fork is not listed in forks-to-keep-explicit.csv.
ragflow,https://github.com/Ibraheemolasupogit/ragflow,https://github.com/infiniflow/ragflow,2025-08-13T17:09:48Z,Final policy keeps only the 7 explicit forks; this fork is not listed in forks-to-keep-explicit.csv.
redbox,https://github.com/Ibraheemolasupogit/redbox,https://github.com/i-dot-ai/redbox,2025-08-21T10:27:56Z,Final policy keeps only the 7 explicit forks; this fork is not listed in forks-to-keep-explicit.csv.
sagemaker-ml-workflow-with-apache-airflow,https://github.com/Ibraheemolasupogit/sagemaker-ml-workflow-with-apache-airflow,https://github.com/aws-samples/sagemaker-ml-workflow-with-apache-airflow,2025-07-09T11:33:24Z,Final policy keeps only the 7 explicit forks; this fork is not listed in forks-to-keep-explicit.csv.
Sagemaker-studio-lab-examples-,https://github.com/Ibraheemolasupogit/Sagemaker-studio-lab-examples-,https://github.com/aws/studio-lab-examples,2025-08-01T22:35:37Z,Final policy keeps only the 7 explicit forks; this fork is not listed in forks-to-keep-explicit.csv.
sample-amazon-redshift-MCP-server,https://github.com/Ibraheemolasupogit/sample-amazon-redshift-MCP-server,https://github.com/aws-samples/sample-amazon-redshift-MCP-server,2025-07-09T11:15:35Z,Final policy keeps only the 7 explicit forks; this fork is not listed in forks-to-keep-explicit.csv.
SC-100-Microsoft-Cybersecurity-Architect,https://github.com/Ibraheemolasupogit/SC-100-Microsoft-Cybersecurity-Architect,https://github.com/MicrosoftLearning/SC-100-Microsoft-Cybersecurity-Architect,2025-10-07T14:06:06Z,Final policy keeps only the 7 explicit forks; this fork is not listed in forks-to-keep-explicit.csv.
SC-300-Identity-and-Access-Administrator,https://github.com/Ibraheemolasupogit/SC-300-Identity-and-Access-Administrator,https://github.com/MicrosoftLearning/SC-300-Identity-and-Access-Administrator,2025-07-13T07:32:43Z,Final policy keeps only the 7 explicit forks; this fork is not listed in forks-to-keep-explicit.csv.
SC-401T00-Information-Security-Administrator,https://github.com/Ibraheemolasupogit/SC-401T00-Information-Security-Administrator,https://github.com/MicrosoftLearning/SC-401T00-Information-Security-Administrator,2025-11-03T09:15:03Z,Final policy keeps only the 7 explicit forks; this fork is not listed in forks-to-keep-explicit.csv.
SC-5003_Information-protection-and-Data-Loss-Prevention,https://github.com/Ibraheemolasupogit/SC-5003_Information-protection-and-Data-Loss-Prevention,https://github.com/MicrosoftLearning/SC-5003_Information-protection-and-Data-Loss-Prevention,2025-07-13T07:28:31Z,Final policy keeps only the 7 explicit forks; this fork is not listed in forks-to-keep-explicit.csv.
SC-5007-Implement-retention-eDiscovery-and-Communication-compliance-in-Microsoft-Purview,https://github.com/Ibraheemolasupogit/SC-5007-Implement-retention-eDiscovery-and-Communication-compliance-in-Microsoft-Purview,https://github.com/MicrosoftLearning/SC-5007-Implement-retention-eDiscovery-and-Communication-compliance-in-Microsoft-Purview,2025-08-26T08:42:04Z,Final policy keeps only the 7 explicit forks; this fork is not listed in forks-to-keep-explicit.csv.
SC-5008-Configure-and-manage-entitlement-with-Microsoft-Entra-ID,https://github.com/Ibraheemolasupogit/SC-5008-Configure-and-manage-entitlement-with-Microsoft-Entra-ID,https://github.com/MicrosoftLearning/SC-5008-Configure-and-manage-entitlement-with-Microsoft-Entra-ID,2025-08-26T08:37:53Z,Final policy keeps only the 7 explicit forks; this fork is not listed in forks-to-keep-explicit.csv.
SC-900-Microsoft-Security-Compliance-and-Identity-Fundamentals,https://github.com/Ibraheemolasupogit/SC-900-Microsoft-Security-Compliance-and-Identity-Fundamentals,https://github.com/MicrosoftLearning/SC-900-Microsoft-Security-Compliance-and-Identity-Fundamentals,2025-07-13T07:34:15Z,Final policy keeps only the 7 explicit forks; this fork is not listed in forks-to-keep-explicit.csv.
scikit-learn,https://github.com/Ibraheemolasupogit/scikit-learn,https://github.com/scikit-learn/scikit-learn,2025-08-13T12:08:02Z,Final policy keeps only the 7 explicit forks; this fork is not listed in forks-to-keep-explicit.csv.
scikit-survival-Analysis,https://github.com/Ibraheemolasupogit/scikit-survival-Analysis,https://github.com/sebp/scikit-survival,2025-08-09T09:12:33Z,Final policy keeps only the 7 explicit forks; this fork is not listed in forks-to-keep-explicit.csv.
scipy,https://github.com/Ibraheemolasupogit/scipy,https://github.com/scipy/scipy,2025-08-13T12:06:05Z,Final policy keeps only the 7 explicit forks; this fork is not listed in forks-to-keep-explicit.csv.
Secure-Azure-with-Microsoft-Defender-Cloud-Compliance-Controls,https://github.com/Ibraheemolasupogit/Secure-Azure-with-Microsoft-Defender-Cloud-Compliance-Controls,https://github.com/MicrosoftLearning/Secure-Azure-with-Microsoft-Defender-Cloud-Compliance-Controls,2025-11-03T07:40:40Z,Final policy keeps only the 7 explicit forks; this fork is not listed in forks-to-keep-explicit.csv.
Secure-storage-for-Azure-Files-and-Azure-Blob-Storage,https://github.com/Ibraheemolasupogit/Secure-storage-for-Azure-Files-and-Azure-Blob-Storage,https://github.com/MicrosoftLearning/Secure-storage-for-Azure-Files-and-Azure-Blob-Storage,2025-10-30T22:12:06Z,Final policy keeps only the 7 explicit forks; this fork is not listed in forks-to-keep-explicit.csv.
Security-Copilot,https://github.com/Ibraheemolasupogit/Security-Copilot,https://github.com/Azure/Security-Copilot,2025-07-22T15:02:07Z,Final policy keeps only the 7 explicit forks; this fork is not listed in forks-to-keep-explicit.csv.
sfquickstarts,https://github.com/Ibraheemolasupogit/sfquickstarts,https://github.com/Snowflake-Labs/sfquickstarts,2025-07-22T11:56:10Z,Final policy keeps only the 7 explicit forks; this fork is not listed in forks-to-keep-explicit.csv.
Simple-DevOps-Project,https://github.com/Ibraheemolasupogit/Simple-DevOps-Project,https://github.com/yankils/Simple-DevOps-Project,2025-08-04T08:18:36Z,Final policy keeps only the 7 explicit forks; this fork is not listed in forks-to-keep-explicit.csv.
skunkworks-adrenal-lesions-detection---computer-vision,https://github.com/Ibraheemolasupogit/skunkworks-adrenal-lesions-detection---computer-vision,https://github.com/nhsx/skunkworks-adrenal-lesions-detection,2025-08-05T13:25:55Z,Final policy keeps only the 7 explicit forks; this fork is not listed in forks-to-keep-explicit.csv.
skunkworks-ambulance-queueing-prediction,https://github.com/Ibraheemolasupogit/skunkworks-ambulance-queueing-prediction,https://github.com/nhsx/skunkworks-ambulance-queueing-prediction,2025-08-20T16:09:18Z,Final policy keeps only the 7 explicit forks; this fork is not listed in forks-to-keep-explicit.csv.
skunkworks-bed-allocation,https://github.com/Ibraheemolasupogit/skunkworks-bed-allocation,Unavailable,2025-08-21T11:09:30Z,Final policy keeps only the 7 explicit forks; this fork is not listed in forks-to-keep-explicit.csv.
skunkworks-ct-alignment-lesion-detection-Computer-vision,https://github.com/Ibraheemolasupogit/skunkworks-ct-alignment-lesion-detection-Computer-vision,https://github.com/nhsx/skunkworks-ct-alignment-lesion-detection,2025-08-05T13:26:32Z,Final policy keeps only the 7 explicit forks; this fork is not listed in forks-to-keep-explicit.csv.
skunkworks-data-lens,https://github.com/Ibraheemolasupogit/skunkworks-data-lens,https://github.com/nhsx/skunkworks-data-lens,2025-08-22T04:08:20Z,Final policy keeps only the 7 explicit forks; this fork is not listed in forks-to-keep-explicit.csv.
skunkworks-long-stayer-risk-stratification,https://github.com/Ibraheemolasupogit/skunkworks-long-stayer-risk-stratification,https://github.com/nhsx/skunkworks-long-stayer-risk-stratification,2025-08-04T11:32:36Z,Final policy keeps only the 7 explicit forks; this fork is not listed in forks-to-keep-explicit.csv.
skunkworks-long-stayer-risk-stratification-baseline,https://github.com/Ibraheemolasupogit/skunkworks-long-stayer-risk-stratification-baseline,https://github.com/nhsx/skunkworks-long-stayer-risk-stratification-baseline,2025-08-23T17:06:02Z,Final policy keeps only the 7 explicit forks; this fork is not listed in forks-to-keep-explicit.csv.
Smart-Change-Detection-in-Surveillance-Footage,https://github.com/Ibraheemolasupogit/Smart-Change-Detection-in-Surveillance-Footage,https://github.com/AISCIENCES/fundamentals-of-computer-vision-theory-projects-in-python,2025-08-17T22:16:44Z,Final policy keeps only the 7 explicit forks; this fork is not listed in forks-to-keep-explicit.csv.
snowflake-schemachange,https://github.com/Ibraheemolasupogit/snowflake-schemachange,https://github.com/Snowflake-Labs/schemachange,2025-07-22T11:58:08Z,Final policy keeps only the 7 explicit forks; this fork is not listed in forks-to-keep-explicit.csv.
Snowflake-sfguide-getting-started-with-snowpark-for-machine-learning-on-azureml,https://github.com/Ibraheemolasupogit/Snowflake-sfguide-getting-started-with-snowpark-for-machine-learning-on-azureml,https://github.com/Snowflake-Labs/sfguide-getting-started-with-snowpark-for-machine-learning-on-azureml,2025-07-22T11:55:23Z,Final policy keeps only the 7 explicit forks; this fork is not listed in forks-to-keep-explicit.csv.
spaCy,https://github.com/Ibraheemolasupogit/spaCy,https://github.com/explosion/spaCy,2025-08-31T17:36:04Z,Final policy keeps only the 7 explicit forks; this fork is not listed in forks-to-keep-explicit.csv.
spark,https://github.com/Ibraheemolasupogit/spark,https://github.com/Salimahtechy/spark,2025-08-07T16:03:01Z,Final policy keeps only the 7 explicit forks; this fork is not listed in forks-to-keep-explicit.csv.
storm,https://github.com/Ibraheemolasupogit/storm,https://github.com/apache/storm,2025-08-21T00:24:19Z,Final policy keeps only the 7 explicit forks; this fork is not listed in forks-to-keep-explicit.csv.
Structural-Topic-Modelling-for-NHS-survey-datastm-survey-text,https://github.com/Ibraheemolasupogit/Structural-Topic-Modelling-for-NHS-survey-datastm-survey-text,https://github.com/nhsx/stm-survey-text,2025-07-01T11:01:31Z,Final policy keeps only the 7 explicit forks; this fork is not listed in forks-to-keep-explicit.csv.
SynthVAE,https://github.com/Ibraheemolasupogit/SynthVAE,https://github.com/nhsx/SynthVAE,2025-08-21T05:16:26Z,Final policy keeps only the 7 explicit forks; this fork is not listed in forks-to-keep-explicit.csv.
terraform-databricks-lakehouse-blueprints,https://github.com/Ibraheemolasupogit/terraform-databricks-lakehouse-blueprints,https://github.com/databricks/terraform-databricks-lakehouse-blueprints,2025-08-22T21:42:00Z,Final policy keeps only the 7 explicit forks; this fork is not listed in forks-to-keep-explicit.csv.
terraform-provider-databricks,https://github.com/Ibraheemolasupogit/terraform-provider-databricks,https://github.com/databricks/terraform-provider-databricks,2025-08-16T19:32:22Z,Final policy keeps only the 7 explicit forks; this fork is not listed in forks-to-keep-explicit.csv.
test-infra,https://github.com/Ibraheemolasupogit/test-infra,https://github.com/kubernetes/test-infra,2025-08-28T15:36:38Z,Final policy keeps only the 7 explicit forks; this fork is not listed in forks-to-keep-explicit.csv.
the-gan-zoo-GAN,https://github.com/Ibraheemolasupogit/the-gan-zoo-GAN,https://github.com/wuyx/the-gan-zoo,2025-08-13T17:25:07Z,Final policy keeps only the 7 explicit forks; this fork is not listed in forks-to-keep-explicit.csv.
the-turing-way,https://github.com/Ibraheemolasupogit/the-turing-way,https://github.com/the-turing-way/the-turing-way,2025-08-20T13:17:53Z,Final policy keeps only the 7 explicit forks; this fork is not listed in forks-to-keep-explicit.csv.
ThePhish,https://github.com/Ibraheemolasupogit/ThePhish,https://github.com/emalderson/ThePhish,2025-08-22T21:50:55Z,Final policy keeps only the 7 explicit forks; this fork is not listed in forks-to-keep-explicit.csv.
Time_Series_Forecasting_MS,https://github.com/Ibraheemolasupogit/Time_Series_Forecasting_MS,https://github.com/nhsx/Time_Series_Forecasting_MS,2025-08-20T21:30:43Z,Final policy keeps only the 7 explicit forks; this fork is not listed in forks-to-keep-explicit.csv.
Titanic-Dataset-Prediction,https://github.com/Ibraheemolasupogit/Titanic-Dataset-Prediction,https://github.com/MaizeCobra/Titanic-Dataset-Prediction,2025-06-29T01:38:14Z,Final policy keeps only the 7 explicit forks; this fork is not listed in forks-to-keep-explicit.csv.
tnm-stage-classifier,https://github.com/Ibraheemolasupogit/tnm-stage-classifier,https://github.com/tatonetti-lab/tnm-stage-classifier,2025-07-09T08:41:00Z,Final policy keeps only the 7 explicit forks; this fork is not listed in forks-to-keep-explicit.csv.
training-data-analyst,https://github.com/Ibraheemolasupogit/training-data-analyst,https://github.com/GoogleCloudPlatform/training-data-analyst,2025-08-27T17:29:09Z,Final policy keeps only the 7 explicit forks; this fork is not listed in forks-to-keep-explicit.csv.
transaction-fraud-detection,https://github.com/Ibraheemolasupogit/transaction-fraud-detection,https://github.com/juniorcl/transaction-fraud-detection,2025-09-01T04:28:57Z,Final policy keeps only the 7 explicit forks; this fork is not listed in forks-to-keep-explicit.csv.
transformers,https://github.com/Ibraheemolasupogit/transformers,https://github.com/huggingface/transformers,2025-08-17T22:17:32Z,Final policy keeps only the 7 explicit forks; this fork is not listed in forks-to-keep-explicit.csv.
udemy-aws-de-labs,https://github.com/Ibraheemolasupogit/udemy-aws-de-labs,https://github.com/sidoncloud/udemy-aws-de-labs,2025-09-03T08:20:39Z,Final policy keeps only the 7 explicit forks; this fork is not listed in forks-to-keep-explicit.csv.
UK-HDR-hackathon-projects-2025,https://github.com/Ibraheemolasupogit/UK-HDR-hackathon-projects-2025,https://github.com/HDRUK/hackathon-projects-2025,2025-07-01T11:04:33Z,Final policy keeps only the 7 explicit forks; this fork is not listed in forks-to-keep-explicit.csv.
URLhaus,https://github.com/Ibraheemolasupogit/URLhaus,https://github.com/abusech/URLhaus,2025-08-23T10:25:35Z,Final policy keeps only the 7 explicit forks; this fork is not listed in forks-to-keep-explicit.csv.
using-bedrock-guardrails-with-bedrock-agents-to-improve-adversarial-robustness,https://github.com/Ibraheemolasupogit/using-bedrock-guardrails-with-bedrock-agents-to-improve-adversarial-robustness,https://github.com/aws-samples/using-bedrock-guardrails-with-bedrock-agents-to-improve-adversarial-robustness,2025-07-20T07:46:09Z,Final policy keeps only the 7 explicit forks; this fork is not listed in forks-to-keep-explicit.csv.
venice,https://github.com/Ibraheemolasupogit/venice,https://github.com/linkedin/venice,2025-08-21T00:18:01Z,Final policy keeps only the 7 explicit forks; this fork is not listed in forks-to-keep-explicit.csv.
vertex-ai-creative-studio,https://github.com/Ibraheemolasupogit/vertex-ai-creative-studio,https://github.com/GoogleCloudPlatform/vertex-ai-creative-studio,2025-08-03T20:01:10Z,Final policy keeps only the 7 explicit forks; this fork is not listed in forks-to-keep-explicit.csv.
vertex-ai-samples,https://github.com/Ibraheemolasupogit/vertex-ai-samples,https://github.com/GoogleCloudPlatform/vertex-ai-samples,2025-07-18T15:05:45Z,Final policy keeps only the 7 explicit forks; this fork is not listed in forks-to-keep-explicit.csv.
vertex-pipelines-end-to-end-samples,https://github.com/Ibraheemolasupogit/vertex-pipelines-end-to-end-samples,https://github.com/GoogleCloudPlatform/vertex-pipelines-end-to-end-samples,2025-07-30T16:16:39Z,Final policy keeps only the 7 explicit forks; this fork is not listed in forks-to-keep-explicit.csv.
Vision-Language-Models-Overview,https://github.com/Ibraheemolasupogit/Vision-Language-Models-Overview,https://github.com/zli12321/Vision-Language-Models-Overview,2025-08-13T10:38:51Z,Final policy keeps only the 7 explicit forks; this fork is not listed in forks-to-keep-explicit.csv.
vprofile-project,https://github.com/Ibraheemolasupogit/vprofile-project,https://github.com/hkhcoder/vprofile-project,2025-09-08T14:03:51Z,Final policy keeps only the 7 explicit forks; this fork is not listed in forks-to-keep-explicit.csv.
Vue.js-core,https://github.com/Ibraheemolasupogit/Vue.js-core,https://github.com/vuejs/core,2025-06-29T10:41:11Z,Final policy keeps only the 7 explicit forks; this fork is not listed in forks-to-keep-explicit.csv.
website,https://github.com/Ibraheemolasupogit/website,https://github.com/kubernetes/website,2025-08-28T15:36:07Z,Final policy keeps only the 7 explicit forks; this fork is not listed in forks-to-keep-explicit.csv.
whylogs,https://github.com/Ibraheemolasupogit/whylogs,https://github.com/whylabs/whylogs,2025-08-08T17:41:10Z,Final policy keeps only the 7 explicit forks; this fork is not listed in forks-to-keep-explicit.csv.
